{
  "string": [
    {
      "name": "entry_MainAbility",
      "value": "entry_MainAbility"
    },
    {
      "name": "mainability_description",
      "value": "Java_Empty Ability"
    },
    {
      "name": "mainability_HelloWorld",
      "value": "你好，世界"
    },
    {
      "name": "game1_description",
      "value": "Java_Empty Ability"
    },
    {
      "name": "game1_HelloWorld",
      "value": "你好，世界"
    },
    {
      "name": "entry_game1",
      "value": "entry_game1"
    },
    {
      "name": "dynamicpage_description",
      "value": "Java_Empty Ability"
    },
    {
      "name": "dynamicpage_HelloWorld",
      "value": "你好，世界"
    },
    {
      "name": "entry_DynamicPage",
      "value": "entry_DynamicPage"
    }
  ]
}