{"deviceType":"phone,tablet","checkEntry":"true","localPropertiesPath":"E:\\DevEcoStudioProjects\\AccountHHC\\local.properties","Path":"E:\\nodejs\\deveco_nodejs\\","note":"false","aceProfilePath":"E:\\DevEcoStudioProjects\\AccountHHC\\entry\\.preview\\default\\intermediates\\res\\default\\resources\\base\\profile","isPreview":"true","hapMode":"false","buildMode":"debug","img2bin":"true","projectProfilePath":"E:\\DevEcoStudioProjects\\AccountHHC\\build-profile.json5","watchMode":"true","appResource":"E:\\DevEcoStudioProjects\\AccountHHC\\entry\\.preview\\default\\intermediates\\res\\default\\ResourceTable.txt","logLevel":"3","stageRouterConfig":{"contents":["{\"module\":{\"pages\":\"$profile:main_pages\",\"name\":\"entry\"}}","{\"src\":[\"pages/Index\"]}"],"paths":["E:\\DevEcoStudioProjects\\AccountHHC\\entry\\.preview\\default\\intermediates\\res\\default\\module.json","E:\\DevEcoStudioProjects\\AccountHHC\\entry\\.preview\\default\\intermediates\\res\\default\\resources\\base\\profile\\main_pages.json"]},"port":"29901","aceBuildJson":"E:\\DevEcoStudioProjects\\AccountHHC\\entry\\.preview\\default\\intermediates\\loader\\default\\loader.json","aceModuleRoot":"E:\\DevEcoStudioProjects\\AccountHHC\\entry\\src\\main\\ets","aceSoPath":"E:\\DevEcoStudioProjects\\AccountHHC\\entry\\.preview\\cache\\nativeDependencies.txt","cachePath":"E:\\DevEcoStudioProjects\\AccountHHC\\entry\\.preview\\cache","aceModuleBuild":"E:\\DevEcoStudioProjects\\AccountHHC\\entry\\.preview\\default\\intermediates\\assets\\default\\ets","aceSuperVisualPath":"E:\\DevEcoStudioProjects\\AccountHHC\\entry\\src\\main\\supervisual","aceModuleJsonPath":"E:\\DevEcoStudioProjects\\AccountHHC\\entry\\.preview\\default\\intermediates\\res\\default\\module.json"}