{
  "version": "1.0",
  "workerIdList": [
    -1,
    2,
    0
  ],
  "metrics": [
    {
      "type": "build_line",
      "endTime": 1700902379439,
      "status": "closed",
      "children": [],
      "name": "overallTime",
      "taskName": "default@PreBuild",
      "taskPath": "entry",
      "workerId": -1,
      "startTime": 1700902379434
    },
    {
      "type": "build_line",
      "endTime": 1700902379450,
      "status": "closed",
      "children": [],
      "name": "overallTime",
      "taskName": "default@GenerateMetadata",
      "taskPath": "entry",
      "workerId": -1,
      "startTime": 1700902379442
    },
    {
      "type": "build_line",
      "endTime": 1700902379457,
      "status": "closed",
      "children": [],
      "name": "overallTime",
      "taskName": "default@MergeProfile",
      "taskPath": "entry",
      "workerId": -1,
      "startTime": 1700902379454
    },
    {
      "type": "build_line",
      "endTime": 1700902379458,
      "status": "closed",
      "children": [],
      "name": "overallTime",
      "taskName": "default@BuildNativeWithCmake",
      "taskPath": "entry",
      "workerId": -1,
      "startTime": 1700902379458
    },
    {
      "type": "build_line",
      "endTime": 1700902379460,
      "status": "closed",
      "children": [],
      "name": "overallTime",
      "taskName": "default@GenerateLoaderJson",
      "taskPath": "entry",
      "workerId": -1,
      "startTime": 1700902379459
    },
    {
      "type": "build_line",
      "endTime": 1700902379467,
      "status": "closed",
      "children": [],
      "name": "overallTime",
      "taskName": "default@MakePackInfo",
      "taskPath": "entry",
      "workerId": -1,
      "startTime": 1700902379461
    },
    {
      "type": "build_line",
      "endTime": 1700902379471,
      "status": "closed",
      "children": [],
      "name": "overallTime",
      "taskName": "default@ProcessProfile",
      "taskPath": "entry",
      "workerId": -1,
      "startTime": 1700902379469
    },
    {
      "type": "build_line",
      "endTime": 1700902379475,
      "status": "closed",
      "children": [],
      "name": "overallTime",
      "taskName": "default@BuildNativeWithNinja",
      "taskPath": "entry",
      "workerId": -1,
      "startTime": 1700902379475
    },
    {
      "type": "build_line",
      "endTime": 1700902379480,
      "status": "closed",
      "children": [],
      "name": "overallTime",
      "taskName": "default@ProcessResource",
      "taskPath": "entry",
      "workerId": -1,
      "startTime": 1700902379477
    },
    {
      "type": "build_line",
      "endTime": 1700902379482,
      "status": "closed",
      "children": [],
      "name": "overallTime",
      "taskName": "default@ProcessLibs",
      "taskPath": "entry",
      "workerId": -1,
      "startTime": 1700902379481
    },
    {
      "type": "build_line",
      "endTime": 1700902379519,
      "status": "closed",
      "children": [],
      "name": "overallTime",
      "taskName": "default@CompileResource",
      "taskPath": "entry",
      "workerId": -1,
      "startTime": 1700902379483
    },
    {
      "type": "build_line",
      "endTime": 1700902379558,
      "status": "closed",
      "children": [],
      "name": "overallTime",
      "taskName": "default@CompileJS",
      "taskPath": "entry",
      "workerId": -1,
      "startTime": 1700902379552
    },
    {
      "type": "build_line",
      "endTime": 1700902385343,
      "status": "closed",
      "children": [],
      "name": "overallTime",
      "taskName": "default@CompileArkTS",
      "taskPath": "entry",
      "workerId": 2,
      "startTime": 1700902379547
    },
    {
      "type": "default",
      "endTime": 1700902385344,
      "status": "closed",
      "children": [
        {
          "type": "build_line",
          "endTime": 1700902385343,
          "status": "closed",
          "children": [],
          "name": "overallTime",
          "taskName": "default@CompileArkTS",
          "taskPath": "entry",
          "workerId": 2,
          "startTime": 1700902379547
        }
      ],
      "name": "overallTime",
      "taskName": "default@CompileArkTS",
      "taskPath": "entry",
      "workerId": -1,
      "startTime": 1700902379524
    },
    {
      "type": "build_line",
      "endTime": 1700902387019,
      "status": "closed",
      "children": [],
      "name": "overallTime",
      "taskName": "default@PackageHap",
      "taskPath": "entry",
      "workerId": 0,
      "startTime": 1700902385367
    },
    {
      "type": "default",
      "endTime": 1700902387019,
      "status": "closed",
      "children": [
        {
          "type": "build_line",
          "endTime": 1700902387019,
          "status": "closed",
          "children": [],
          "name": "overallTime",
          "taskName": "default@PackageHap",
          "taskPath": "entry",
          "workerId": 0,
          "startTime": 1700902385367
        }
      ],
      "name": "overallTime",
      "taskName": "default@PackageHap",
      "taskPath": "entry",
      "workerId": -1,
      "startTime": 1700902385347
    },
    {
      "type": "build_line",
      "endTime": 1700902387022,
      "status": "closed",
      "children": [],
      "name": "overallTime",
      "taskName": "default@SignHap",
      "taskPath": "entry",
      "workerId": -1,
      "startTime": 1700902387020
    },
    {
      "type": "build_line",
      "endTime": 1700902387022,
      "status": "closed",
      "children": [],
      "name": "overallTime",
      "taskName": "assembleHap",
      "taskPath": "entry",
      "workerId": -1,
      "startTime": 1700902387022
    }
  ],
  "workLog": []
}