{
  "string": [
    {
      "name": "module_desc",
      "value": "module description"
    },
    {
      "name": "EntryAbility_desc",
      "value": "description"
    },
    {
      "name": "EntryAbility_label",
      "value": "CanvasComponent"
    },
    {
      "name": "text_confirm",
      "value": "Confirm"
    },
    {
      "name": "text_smile",
      "value": "Thanks"
    },
    {
      "name": "text_hamburger",
      "value": "Hamburger"
    },
    {
      "name": "text_cake",
      "value": "Cake"
    },
    {
      "name": "text_beer",
      "value": "Beer"
    },
    {
      "name": "text_watermelon",
      "value": "Watermelon"
    },
    {
      "name": "prize_text_smile",
      "value": "欢迎下次光临！"
    },
    {
      "name": "prize_text_hamburger",
      "value": "Wow！快去挑一个喜欢的玩具吧！"
    },
    {
      "name": "prize_text_cake",
      "value": "Wow！终于可以吃疯狂星期四了！"
    },
    {
      "name": "prize_text_beer",
      "value": "Wow！去KTV唱喜欢的歌吧！"
    },
    {
      "name": "prize_text_watermelon",
      "value": "Wow！是一次泡脚的机会！"
    },
    {
      "name": "dianying",
      "value": "Wow！是一次看电影的机会！"
    }
  ]
}