{"E:\\DevEcoStudioProjects\\HouseWorkAPP\\AppScope\\app.json5":{"hashValue":"a2be0dd7861a6a7f37f29677d5395c77","name":"app.json5","path":"E:\\DevEcoStudioProjects\\HouseWorkAPP\\AppScope\\app.json5","type":"file","isSymbolicLink":false,"fileMetaData":{"size":219,"lastModifiedTime":1702008036850}},"E:\\DevEcoStudioProjects\\HouseWorkAPP\\entry\\src\\main\\module.json5":{"hashValue":"c44d4a235e1acae8d69795be5e52c7ac","name":"module.json5","path":"E:\\DevEcoStudioProjects\\HouseWorkAPP\\entry\\src\\main\\module.json5","type":"file","isSymbolicLink":false,"fileMetaData":{"size":935,"lastModifiedTime":1702020035520}},"E:\\DevEcoStudioProjects\\HouseWorkAPP\\entry\\.preview\\default\\intermediates\\merge_profile\\default\\module.json":{"hashValue":"b372bd41d5a7605ddf553d9b9e63143d","name":"module.json","path":"E:\\DevEcoStudioProjects\\HouseWorkAPP\\entry\\.preview\\default\\intermediates\\merge_profile\\default\\module.json","type":"file","isSymbolicLink":false,"fileMetaData":{"size":1063,"lastModifiedTime":1702655496245}},"E:\\DevEcoStudioProjects\\HouseWorkAPP\\entry\\.preview\\default\\intermediates\\loader\\default\\loader.json":{"hashValue":"437339762bc280f0853ce62742037994","name":"loader.json","path":"E:\\DevEcoStudioProjects\\HouseWorkAPP\\entry\\.preview\\default\\intermediates\\loader\\default\\loader.json","type":"file","isSymbolicLink":false,"fileMetaData":{"size":363,"lastModifiedTime":1702655496254}},"E:\\DevEcoStudioProjects\\HouseWorkAPP\\entry\\.preview\\default\\intermediates\\process_profile\\default\\module.json":{"hashValue":"4a81cf1e282ae9f20cacfd74247b3365","name":"module.json","path":"E:\\DevEcoStudioProjects\\HouseWorkAPP\\entry\\.preview\\default\\intermediates\\process_profile\\default\\module.json","type":"file","isSymbolicLink":false,"fileMetaData":{"size":1148,"lastModifiedTime":1702655496399}},"E:\\DevEcoStudioProjects\\HouseWorkAPP\\entry\\src\\main\\resources":{"hashValue":"59c066454247e59f8b1ea3a6c5d96e19","name":"resources","path":"E:\\DevEcoStudioProjects\\HouseWorkAPP\\entry\\src\\main\\resources","type":"directory","isSymbolicLink":false,"children":[{"hashValue":"2396c493433add6a4411e1a48f4daeb4","name":"base","path":"E:\\DevEcoStudioProjects\\HouseWorkAPP\\entry\\src\\main\\resources\\base","type":"directory","isSymbolicLink":false,"children":[{"hashValue":"159824cbd4e24e74c74d770f91370a0e","name":"element","path":"E:\\DevEcoStudioProjects\\HouseWorkAPP\\entry\\src\\main\\resources\\base\\element","type":"directory","isSymbolicLink":false,"children":[{"hashValue":"1e7b6d46c00e91a180500cd3b03b3bc3","name":"color.json","path":"E:\\DevEcoStudioProjects\\HouseWorkAPP\\entry\\src\\main\\resources\\base\\element\\color.json","type":"file","isSymbolicLink":false,"fileMetaData":{"size":2087,"lastModifiedTime":1702376331818}},{"hashValue":"7725effeb10d1ecf83ba665cbf7822a6","name":"float.json","path":"E:\\DevEcoStudioProjects\\HouseWorkAPP\\entry\\src\\main\\resources\\base\\element\\float.json","type":"file","isSymbolicLink":false,"fileMetaData":{"size":467,"lastModifiedTime":1687859236000}},{"hashValue":"d533752df3b84aaf876308c7a4862115","name":"string.json","path":"E:\\DevEcoStudioProjects\\HouseWorkAPP\\entry\\src\\main\\resources\\base\\element\\string.json","type":"file","isSymbolicLink":false,"fileMetaData":{"size":1256,"lastModifiedTime":1702658117119}}]},{"hashValue":"51d8643a6d946c87230a11bcfbda11c5","name":"media","path":"E:\\DevEcoStudioProjects\\HouseWorkAPP\\entry\\src\\main\\resources\\base\\media","type":"directory","isSymbolicLink":false,"children":[{"hashValue":"05353ece28ea05935aa47a6910dd7405","name":"add_task.png","path":"E:\\DevEcoStudioProjects\\HouseWorkAPP\\entry\\src\\main\\resources\\base\\media\\add_task.png","type":"file","isSymbolicLink":false,"fileMetaData":{"size":822,"lastModifiedTime":1702650574303}},{"hashValue":"17ce57aed652fd12ab3004fc663e718f","name":"Add.png","path":"E:\\DevEcoStudioProjects\\HouseWorkAPP\\entry\\src\\main\\resources\\base\\media\\Add.png","type":"file","isSymbolicLink":false,"fileMetaData":{"size":12916,"lastModifiedTime":1699948168000}},{"hashValue":"3a193b2143012d5a5adcf7c6bec9cc36","name":"arrow_down.png","path":"E:\\DevEcoStudioProjects\\HouseWorkAPP\\entry\\src\\main\\resources\\base\\media\\arrow_down.png","type":"file","isSymbolicLink":false,"fileMetaData":{"size":213,"lastModifiedTime":1702612759909}},{"hashValue":"3ae886381f424d8b4a1cdc1cdcc81c15","name":"choujiang.png","path":"E:\\DevEcoStudioProjects\\HouseWorkAPP\\entry\\src\\main\\resources\\base\\media\\choujiang.png","type":"file","isSymbolicLink":false,"fileMetaData":{"size":718,"lastModifiedTime":1702649125279}},{"hashValue":"019d22280820ff379eba72363df99588","name":"curse_right.png","path":"E:\\DevEcoStudioProjects\\HouseWorkAPP\\entry\\src\\main\\resources\\base\\media\\curse_right.png","type":"file","isSymbolicLink":false,"fileMetaData":{"size":256,"lastModifiedTime":1702565946864}},{"hashValue":"fd5653bdb9f063d48c8424173da09098","name":"delete_gray.png","path":"E:\\DevEcoStudioProjects\\HouseWorkAPP\\entry\\src\\main\\resources\\base\\media\\delete_gray.png","type":"file","isSymbolicLink":false,"fileMetaData":{"size":591,"lastModifiedTime":1702628098524}},{"hashValue":"c3bca27864c0053e91b7ffdd987340e5","name":"family.png","path":"E:\\DevEcoStudioProjects\\HouseWorkAPP\\entry\\src\\main\\resources\\base\\media\\family.png","type":"file","isSymbolicLink":false,"fileMetaData":{"size":355,"lastModifiedTime":1702647724656}},{"hashValue":"a07d5814e3584cff0d76059311d9668a","name":"finished.png","path":"E:\\DevEcoStudioProjects\\HouseWorkAPP\\entry\\src\\main\\resources\\base\\media\\finished.png","type":"file","isSymbolicLink":false,"fileMetaData":{"size":280,"lastModifiedTime":1702569289930}},{"hashValue":"776bc0834ce4f639952149196b01872f","name":"flower_gray.png","path":"E:\\DevEcoStudioProjects\\HouseWorkAPP\\entry\\src\\main\\resources\\base\\media\\flower_gray.png","type":"file","isSymbolicLink":false,"fileMetaData":{"size":382,"lastModifiedTime":1702268709572}},{"hashValue":"8c9ed64f69cafe80cb7d6651999fa31e","name":"flower.png","path":"E:\\DevEcoStudioProjects\\HouseWorkAPP\\entry\\src\\main\\resources\\base\\media\\flower.png","type":"file","isSymbolicLink":false,"fileMetaData":{"size":489,"lastModifiedTime":1702268609296}},{"hashValue":"c7fc23c79f8357a870cbcaa752dac18e","name":"home_fill.png","path":"E:\\DevEcoStudioProjects\\HouseWorkAPP\\entry\\src\\main\\resources\\base\\media\\home_fill.png","type":"file","isSymbolicLink":false,"fileMetaData":{"size":376,"lastModifiedTime":1702367262573}},{"hashValue":"d2d2ab812eec45f982c0e8472a327b44","name":"home.png","path":"E:\\DevEcoStudioProjects\\HouseWorkAPP\\entry\\src\\main\\resources\\base\\media\\home.png","type":"file","isSymbolicLink":false,"fileMetaData":{"size":353,"lastModifiedTime":1702367346032}},{"hashValue":"5a2c10312cf81df71f5f2420dad3ed6c","name":"housework.jpg","path":"E:\\DevEcoStudioProjects\\HouseWorkAPP\\entry\\src\\main\\resources\\base\\media\\housework.jpg","type":"file","isSymbolicLink":false,"fileMetaData":{"size":626918,"lastModifiedTime":1702367996817}},{"hashValue":"053bdd5967f51d6641af3c5eaaec2588","name":"ic_background.png","path":"E:\\DevEcoStudioProjects\\HouseWorkAPP\\entry\\src\\main\\resources\\base\\media\\ic_background.png","type":"file","isSymbolicLink":false,"fileMetaData":{"size":98462,"lastModifiedTime":1687859236000}},{"hashValue":"72f6b6932aeeb82f6bbebf662ff746eb","name":"ic_beer.png","path":"E:\\DevEcoStudioProjects\\HouseWorkAPP\\entry\\src\\main\\resources\\base\\media\\ic_beer.png","type":"file","isSymbolicLink":false,"fileMetaData":{"size":34586,"lastModifiedTime":1687859236000}},{"hashValue":"71540f751c9e621903664d32ffdf3452","name":"ic_cake.png","path":"E:\\DevEcoStudioProjects\\HouseWorkAPP\\entry\\src\\main\\resources\\base\\media\\ic_cake.png","type":"file","isSymbolicLink":false,"fileMetaData":{"size":31857,"lastModifiedTime":1687859236000}},{"hashValue":"f16733d8a20a4b271dbbbb3fb8df92b2","name":"ic_center.png","path":"E:\\DevEcoStudioProjects\\HouseWorkAPP\\entry\\src\\main\\resources\\base\\media\\ic_center.png","type":"file","isSymbolicLink":false,"fileMetaData":{"size":19506,"lastModifiedTime":1687859236000}},{"hashValue":"d457f3b9e241f8c9bae9cf82d51acbab","name":"ic_contacts_rcs_list_2.png","path":"E:\\DevEcoStudioProjects\\HouseWorkAPP\\entry\\src\\main\\resources\\base\\media\\ic_contacts_rcs_list_2.png","type":"file","isSymbolicLink":false,"fileMetaData":{"size":253,"lastModifiedTime":1702367034095}},{"hashValue":"164bd129dd2a5b88619e9ea190952f19","name":"ic_contacts_rcs_list.png","path":"E:\\DevEcoStudioProjects\\HouseWorkAPP\\entry\\src\\main\\resources\\base\\media\\ic_contacts_rcs_list.png","type":"file","isSymbolicLink":false,"fileMetaData":{"size":260,"lastModifiedTime":1702367031213}},{"hashValue":"32bd46820a3e3e5e041db2cf7910b5a6","name":"ic_files_size_drive.png","path":"E:\\DevEcoStudioProjects\\HouseWorkAPP\\entry\\src\\main\\resources\\base\\media\\ic_files_size_drive.png","type":"file","isSymbolicLink":false,"fileMetaData":{"size":275,"lastModifiedTime":1702367160296}},{"hashValue":"4fbc612de6fb6fedad6de8b2b145bc0e","name":"ic_hamburg.png","path":"E:\\DevEcoStudioProjects\\HouseWorkAPP\\entry\\src\\main\\resources\\base\\media\\ic_hamburg.png","type":"file","isSymbolicLink":false,"fileMetaData":{"size":34836,"lastModifiedTime":1687859236000}},{"hashValue":"385f247200f350b714fb77cf2a9c9aa5","name":"ic_public_calendar.png","path":"E:\\DevEcoStudioProjects\\HouseWorkAPP\\entry\\src\\main\\resources\\base\\media\\ic_public_calendar.png","type":"file","isSymbolicLink":false,"fileMetaData":{"size":320,"lastModifiedTime":1702367088695}},{"hashValue":"33212a35fa8647b40a0cf9f6a590ec13","name":"ic_public_clock.png","path":"E:\\DevEcoStudioProjects\\HouseWorkAPP\\entry\\src\\main\\resources\\base\\media\\ic_public_clock.png","type":"file","isSymbolicLink":false,"fileMetaData":{"size":482,"lastModifiedTime":1702367095739}},{"hashValue":"b294f1603af7f2a7538653d0df72929c","name":"ic_public_contacts.png","path":"E:\\DevEcoStudioProjects\\HouseWorkAPP\\entry\\src\\main\\resources\\base\\media\\ic_public_contacts.png","type":"file","isSymbolicLink":false,"fileMetaData":{"size":397,"lastModifiedTime":1702367006298}},{"hashValue":"509fc4377aa502537002301cb92c15a6","name":"ic_public_delete.png","path":"E:\\DevEcoStudioProjects\\HouseWorkAPP\\entry\\src\\main\\resources\\base\\media\\ic_public_delete.png","type":"file","isSymbolicLink":false,"fileMetaData":{"size":395,"lastModifiedTime":1702366920432}},{"hashValue":"6625e65411c40ef7fc75bfc77c3bbe26","name":"ic_public_input_search.png","path":"E:\\DevEcoStudioProjects\\HouseWorkAPP\\entry\\src\\main\\resources\\base\\media\\ic_public_input_search.png","type":"file","isSymbolicLink":false,"fileMetaData":{"size":388,"lastModifiedTime":1702366937386}},{"hashValue":"62347330754ec741a580628ea91bdf3a","name":"ic_public_ok.png","path":"E:\\DevEcoStudioProjects\\HouseWorkAPP\\entry\\src\\main\\resources\\base\\media\\ic_public_ok.png","type":"file","isSymbolicLink":false,"fileMetaData":{"size":269,"lastModifiedTime":1702366949755}},{"hashValue":"014cf817f38ae19bcbc68db53ad012cc","name":"ic_public_sift.png","path":"E:\\DevEcoStudioProjects\\HouseWorkAPP\\entry\\src\\main\\resources\\base\\media\\ic_public_sift.png","type":"file","isSymbolicLink":false,"fileMetaData":{"size":342,"lastModifiedTime":1702367121516}},{"hashValue":"e6892ff0aab2b3a6e1de389f745de50e","name":"ic_screenshot_circle.png","path":"E:\\DevEcoStudioProjects\\HouseWorkAPP\\entry\\src\\main\\resources\\base\\media\\ic_screenshot_circle.png","type":"file","isSymbolicLink":false,"fileMetaData":{"size":411,"lastModifiedTime":1702613167310}},{"hashValue":"dc52ca8bf4358dcc225b5875e2ac1255","name":"ic_smile.png","path":"E:\\DevEcoStudioProjects\\HouseWorkAPP\\entry\\src\\main\\resources\\base\\media\\ic_smile.png","type":"file","isSymbolicLink":false,"fileMetaData":{"size":29333,"lastModifiedTime":1687859236000}},{"hashValue":"dd205dbf6e898201eaa89cd3dcc162c7","name":"ic_watermelon.png","path":"E:\\DevEcoStudioProjects\\HouseWorkAPP\\entry\\src\\main\\resources\\base\\media\\ic_watermelon.png","type":"file","isSymbolicLink":false,"fileMetaData":{"size":24080,"lastModifiedTime":1687859236000}},{"hashValue":"6b7fb5f5b0128ea9a0410beee072798a","name":"icon.png","path":"E:\\DevEcoStudioProjects\\HouseWorkAPP\\entry\\src\\main\\resources\\base\\media\\icon.png","type":"file","isSymbolicLink":false,"fileMetaData":{"size":6790,"lastModifiedTime":1702008033748}},{"hashValue":"dad3314683f0de57a484bf98291296fa","name":"refresh.png","path":"E:\\DevEcoStudioProjects\\HouseWorkAPP\\entry\\src\\main\\resources\\base\\media\\refresh.png","type":"file","isSymbolicLink":false,"fileMetaData":{"size":413,"lastModifiedTime":1700724996647}},{"hashValue":"c8d863f123249ed30271c816dc001c6d","name":"task_finished.png","path":"E:\\DevEcoStudioProjects\\HouseWorkAPP\\entry\\src\\main\\resources\\base\\media\\task_finished.png","type":"file","isSymbolicLink":false,"fileMetaData":{"size":763,"lastModifiedTime":1702628140285}}]},{"hashValue":"f69514517143ee1dfeabe659587eb680","name":"profile","path":"E:\\DevEcoStudioProjects\\HouseWorkAPP\\entry\\src\\main\\resources\\base\\profile","type":"directory","isSymbolicLink":false,"children":[{"hashValue":"155de674335ab5a7e380a6e79a43aeba","name":"main_pages.json","path":"E:\\DevEcoStudioProjects\\HouseWorkAPP\\entry\\src\\main\\resources\\base\\profile\\main_pages.json","type":"file","isSymbolicLink":false,"fileMetaData":{"size":110,"lastModifiedTime":1702638282173}}]}]},{"hashValue":"d533a2e4e63924c09ed3ee989fa2832a","name":"en_US","path":"E:\\DevEcoStudioProjects\\HouseWorkAPP\\entry\\src\\main\\resources\\en_US","type":"directory","isSymbolicLink":false,"children":[{"hashValue":"b4d6e8c0d37fc2bf11eb3b21719ef759","name":"element","path":"E:\\DevEcoStudioProjects\\HouseWorkAPP\\entry\\src\\main\\resources\\en_US\\element","type":"directory","isSymbolicLink":false,"children":[{"hashValue":"e2addf10c14bb802ae84653a459120e5","name":"string.json","path":"E:\\DevEcoStudioProjects\\HouseWorkAPP\\entry\\src\\main\\resources\\en_US\\element\\string.json","type":"file","isSymbolicLink":false,"fileMetaData":{"size":247,"lastModifiedTime":1702008036908}}]}]},{"hashValue":"","name":"rawfile","path":"E:\\DevEcoStudioProjects\\HouseWorkAPP\\entry\\src\\main\\resources\\rawfile","type":"directory","isSymbolicLink":false,"children":[]},{"hashValue":"9c60ff2aab21c34752b68af49c1bfc17","name":"zh_CN","path":"E:\\DevEcoStudioProjects\\HouseWorkAPP\\entry\\src\\main\\resources\\zh_CN","type":"directory","isSymbolicLink":false,"children":[{"hashValue":"2d90d39d345d63e2571d4a475b53145d","name":"element","path":"E:\\DevEcoStudioProjects\\HouseWorkAPP\\entry\\src\\main\\resources\\zh_CN\\element","type":"directory","isSymbolicLink":false,"children":[{"hashValue":"8c4ed45878345b02a72efb151ad8bab2","name":"string.json","path":"E:\\DevEcoStudioProjects\\HouseWorkAPP\\entry\\src\\main\\resources\\zh_CN\\element\\string.json","type":"file","isSymbolicLink":false,"fileMetaData":{"size":241,"lastModifiedTime":1702008036924}}]}]}]},"E:\\DevEcoStudioProjects\\HouseWorkAPP\\AppScope\\resources":{"hashValue":"264c46501a37bd52b5268e5e514a0a49","name":"resources","path":"E:\\DevEcoStudioProjects\\HouseWorkAPP\\AppScope\\resources","type":"directory","isSymbolicLink":false,"children":[{"hashValue":"6e9f5feb3c54241603cd2b5896b65e16","name":"base","path":"E:\\DevEcoStudioProjects\\HouseWorkAPP\\AppScope\\resources\\base","type":"directory","isSymbolicLink":false,"children":[{"hashValue":"5afeda8bb61cb72265ce8f0008f68c85","name":"element","path":"E:\\DevEcoStudioProjects\\HouseWorkAPP\\AppScope\\resources\\base\\element","type":"directory","isSymbolicLink":false,"children":[{"hashValue":"d5e7fabba78cc0f53f627809866afa59","name":"string.json","path":"E:\\DevEcoStudioProjects\\HouseWorkAPP\\AppScope\\resources\\base\\element\\string.json","type":"file","isSymbolicLink":false,"fileMetaData":{"size":98,"lastModifiedTime":1702008033113}}]},{"hashValue":"077f33518bef5cdb8dff7ad476b3ed6f","name":"media","path":"E:\\DevEcoStudioProjects\\HouseWorkAPP\\AppScope\\resources\\base\\media","type":"directory","isSymbolicLink":false,"children":[{"hashValue":"19baffa949f144511ecfae0394ec5441","name":"app_icon.png","path":"E:\\DevEcoStudioProjects\\HouseWorkAPP\\AppScope\\resources\\base\\media\\app_icon.png","type":"file","isSymbolicLink":false,"fileMetaData":{"size":6790,"lastModifiedTime":1702008033091}}]}]}]},"E:\\DevEcoStudioProjects\\HouseWorkAPP\\entry\\.preview\\default\\intermediates\\res\\default":{"hashValue":"7db58cd35b05111e0681f0654a4ad587","name":"default","path":"E:\\DevEcoStudioProjects\\HouseWorkAPP\\entry\\.preview\\default\\intermediates\\res\\default","type":"directory","isSymbolicLink":false,"children":[{"hashValue":"27b0e34ac6597a6306ed383250404060","name":"app_compiled","path":"E:\\DevEcoStudioProjects\\HouseWorkAPP\\entry\\.preview\\default\\intermediates\\res\\default\\app_compiled","type":"directory","isSymbolicLink":false,"children":[{"hashValue":"dd95c8864eb7cc96ab7c0336919e4af6","name":"12685130302203915425","path":"E:\\DevEcoStudioProjects\\HouseWorkAPP\\entry\\.preview\\default\\intermediates\\res\\default\\app_compiled\\12685130302203915425","type":"file","isSymbolicLink":false,"fileMetaData":{"size":128,"lastModifiedTime":1702655496491}},{"hashValue":"0eab37b8124e10c1cba03ee04f7a48ca","name":"1372608404393770081","path":"E:\\DevEcoStudioProjects\\HouseWorkAPP\\entry\\.preview\\default\\intermediates\\res\\default\\app_compiled\\1372608404393770081","type":"file","isSymbolicLink":false,"fileMetaData":{"size":198,"lastModifiedTime":1702655496492}}]},{"hashValue":"eca6312a62fc177b66393b652a43a1b5","name":"module_compiled","path":"E:\\DevEcoStudioProjects\\HouseWorkAPP\\entry\\.preview\\default\\intermediates\\res\\default\\module_compiled","type":"directory","isSymbolicLink":false,"children":[{"hashValue":"33e313e00fcb1fdec8edcffd3f4091a9","name":"10445731588140308336","path":"E:\\DevEcoStudioProjects\\HouseWorkAPP\\entry\\.preview\\default\\intermediates\\res\\default\\module_compiled\\10445731588140308336","type":"file","isSymbolicLink":false,"fileMetaData":{"size":228,"lastModifiedTime":1702655496539}},{"hashValue":"9bdd3ef498e2dcfc2a81a312537b1ae6","name":"11036829450719536431","path":"E:\\DevEcoStudioProjects\\HouseWorkAPP\\entry\\.preview\\default\\intermediates\\res\\default\\module_compiled\\11036829450719536431","type":"file","isSymbolicLink":false,"fileMetaData":{"size":3761,"lastModifiedTime":1702655496528}},{"hashValue":"5593d1aa24230f124d0a783924c3da29","name":"11350592070940316213","path":"E:\\DevEcoStudioProjects\\HouseWorkAPP\\entry\\.preview\\default\\intermediates\\res\\default\\module_compiled\\11350592070940316213","type":"file","isSymbolicLink":false,"fileMetaData":{"size":476,"lastModifiedTime":1702655496542}},{"hashValue":"d3cb62a1da4873f8dce346ee42db05de","name":"12597972508180740176","path":"E:\\DevEcoStudioProjects\\HouseWorkAPP\\entry\\.preview\\default\\intermediates\\res\\default\\module_compiled\\12597972508180740176","type":"file","isSymbolicLink":false,"fileMetaData":{"size":204,"lastModifiedTime":1702655496533}},{"hashValue":"42e342942031a1cef9de2a81c4b00089","name":"12708809728770345138","path":"E:\\DevEcoStudioProjects\\HouseWorkAPP\\entry\\.preview\\default\\intermediates\\res\\default\\module_compiled\\12708809728770345138","type":"file","isSymbolicLink":false,"fileMetaData":{"size":805,"lastModifiedTime":1702655496529}},{"hashValue":"c6e2fdd0e8a313ddea4f65579a3e3a1c","name":"12722039282819896365","path":"E:\\DevEcoStudioProjects\\HouseWorkAPP\\entry\\.preview\\default\\intermediates\\res\\default\\module_compiled\\12722039282819896365","type":"file","isSymbolicLink":false,"fileMetaData":{"size":216,"lastModifiedTime":1702655496537}},{"hashValue":"4476e65843791936809c3ad34cf785a4","name":"12878219239022393856","path":"E:\\DevEcoStudioProjects\\HouseWorkAPP\\entry\\.preview\\default\\intermediates\\res\\default\\module_compiled\\12878219239022393856","type":"file","isSymbolicLink":false,"fileMetaData":{"size":210,"lastModifiedTime":1702655496530}},{"hashValue":"58b8393cdf855490cde41aa8513d173b","name":"13067568238916615539","path":"E:\\DevEcoStudioProjects\\HouseWorkAPP\\entry\\.preview\\default\\intermediates\\res\\default\\module_compiled\\13067568238916615539","type":"file","isSymbolicLink":false,"fileMetaData":{"size":198,"lastModifiedTime":1702655496534}},{"hashValue":"b6848c72e371620763f5e13db6af797a","name":"13230089885675785048","path":"E:\\DevEcoStudioProjects\\HouseWorkAPP\\entry\\.preview\\default\\intermediates\\res\\default\\module_compiled\\13230089885675785048","type":"file","isSymbolicLink":false,"fileMetaData":{"size":225,"lastModifiedTime":1702655496541}},{"hashValue":"93ff65b7c66ef325a37900c33c2aeb47","name":"13523439818133036542","path":"E:\\DevEcoStudioProjects\\HouseWorkAPP\\entry\\.preview\\default\\intermediates\\res\\default\\module_compiled\\13523439818133036542","type":"file","isSymbolicLink":false,"fileMetaData":{"size":204,"lastModifiedTime":1702655496532}},{"hashValue":"bcd9c61b38f5172c0fc9899a8b37e693","name":"13528859347091605961","path":"E:\\DevEcoStudioProjects\\HouseWorkAPP\\entry\\.preview\\default\\intermediates\\res\\default\\module_compiled\\13528859347091605961","type":"file","isSymbolicLink":false,"fileMetaData":{"size":234,"lastModifiedTime":1702655496538}},{"hashValue":"33d0228893d28276e4762077f2ec7b1e","name":"13710481084771371030","path":"E:\\DevEcoStudioProjects\\HouseWorkAPP\\entry\\.preview\\default\\intermediates\\res\\default\\module_compiled\\13710481084771371030","type":"file","isSymbolicLink":false,"fileMetaData":{"size":213,"lastModifiedTime":1702655496534}},{"hashValue":"b2578f5d5008f9b5f3c24d5e4d8f93b3","name":"14108657387838867450","path":"E:\\DevEcoStudioProjects\\HouseWorkAPP\\entry\\.preview\\default\\intermediates\\res\\default\\module_compiled\\14108657387838867450","type":"file","isSymbolicLink":false,"fileMetaData":{"size":246,"lastModifiedTime":1702655496540}},{"hashValue":"9a78289481cbcb80bae95c8fd57ee373","name":"14118210824562762061","path":"E:\\DevEcoStudioProjects\\HouseWorkAPP\\entry\\.preview\\default\\intermediates\\res\\default\\module_compiled\\14118210824562762061","type":"file","isSymbolicLink":false,"fileMetaData":{"size":207,"lastModifiedTime":1702655496535}},{"hashValue":"aa083a88b647fc13637b0fad1cf2fb67","name":"14509735008447116113","path":"E:\\DevEcoStudioProjects\\HouseWorkAPP\\entry\\.preview\\default\\intermediates\\res\\default\\module_compiled\\14509735008447116113","type":"file","isSymbolicLink":false,"fileMetaData":{"size":195,"lastModifiedTime":1702655496530}},{"hashValue":"2280ba42ac4dfbaee6a1d6109968d338","name":"15125431716608286170","path":"E:\\DevEcoStudioProjects\\HouseWorkAPP\\entry\\.preview\\default\\intermediates\\res\\default\\module_compiled\\15125431716608286170","type":"file","isSymbolicLink":false,"fileMetaData":{"size":210,"lastModifiedTime":1702655496540}},{"hashValue":"a4e8dd9198c2331564c6ceb340145d88","name":"15609477629599523943","path":"E:\\DevEcoStudioProjects\\HouseWorkAPP\\entry\\.preview\\default\\intermediates\\res\\default\\module_compiled\\15609477629599523943","type":"file","isSymbolicLink":false,"fileMetaData":{"size":223,"lastModifiedTime":1702655496541}},{"hashValue":"71ec2e46570f4ad626a5f0e6ea712239","name":"16308447714060554609","path":"E:\\DevEcoStudioProjects\\HouseWorkAPP\\entry\\.preview\\default\\intermediates\\res\\default\\module_compiled\\16308447714060554609","type":"file","isSymbolicLink":false,"fileMetaData":{"size":252,"lastModifiedTime":1702655496539}},{"hashValue":"0ccbce274aa1988e2f5bf39aaefc7e8b","name":"16553727921660908121","path":"E:\\DevEcoStudioProjects\\HouseWorkAPP\\entry\\.preview\\default\\intermediates\\res\\default\\module_compiled\\16553727921660908121","type":"file","isSymbolicLink":false,"fileMetaData":{"size":246,"lastModifiedTime":1702655496536}},{"hashValue":"fe59ae0c452a77c74ad811780b457abe","name":"16711816953594972827","path":"E:\\DevEcoStudioProjects\\HouseWorkAPP\\entry\\.preview\\default\\intermediates\\res\\default\\module_compiled\\16711816953594972827","type":"file","isSymbolicLink":false,"fileMetaData":{"size":219,"lastModifiedTime":1702655496533}},{"hashValue":"c4f14c1305de952c9f0d8cc69985a1ee","name":"16797811292235682718","path":"E:\\DevEcoStudioProjects\\HouseWorkAPP\\entry\\.preview\\default\\intermediates\\res\\default\\module_compiled\\16797811292235682718","type":"file","isSymbolicLink":false,"fileMetaData":{"size":243,"lastModifiedTime":1702655496537}},{"hashValue":"e7f48cf8062ff8808010a1094b6a28ec","name":"16901943362145976855","path":"E:\\DevEcoStudioProjects\\HouseWorkAPP\\entry\\.preview\\default\\intermediates\\res\\default\\module_compiled\\16901943362145976855","type":"file","isSymbolicLink":false,"fileMetaData":{"size":222,"lastModifiedTime":1702655496539}},{"hashValue":"5dfec697505ce42c160fb22e5af840b2","name":"17256354884645938822","path":"E:\\DevEcoStudioProjects\\HouseWorkAPP\\entry\\.preview\\default\\intermediates\\res\\default\\module_compiled\\17256354884645938822","type":"file","isSymbolicLink":false,"fileMetaData":{"size":213,"lastModifiedTime":1702655496536}},{"hashValue":"5334f7112e4b0bf4c79ae51a459b2068","name":"17717862104874595043","path":"E:\\DevEcoStudioProjects\\HouseWorkAPP\\entry\\.preview\\default\\intermediates\\res\\default\\module_compiled\\17717862104874595043","type":"file","isSymbolicLink":false,"fileMetaData":{"size":225,"lastModifiedTime":1702655496540}},{"hashValue":"5ecd4b6240c3aa27b0da9b969a1955da","name":"17834736926042770785","path":"E:\\DevEcoStudioProjects\\HouseWorkAPP\\entry\\.preview\\default\\intermediates\\res\\default\\module_compiled\\17834736926042770785","type":"file","isSymbolicLink":false,"fileMetaData":{"size":231,"lastModifiedTime":1702655496538}},{"hashValue":"6fcda2ade3e7256025214473fbb0b99e","name":"2271824791326936217","path":"E:\\DevEcoStudioProjects\\HouseWorkAPP\\entry\\.preview\\default\\intermediates\\res\\default\\module_compiled\\2271824791326936217","type":"file","isSymbolicLink":false,"fileMetaData":{"size":252,"lastModifiedTime":1702655496537}},{"hashValue":"dbe66428fca91171d89dd2eacecb42b0","name":"2289262339246120502","path":"E:\\DevEcoStudioProjects\\HouseWorkAPP\\entry\\.preview\\default\\intermediates\\res\\default\\module_compiled\\2289262339246120502","type":"file","isSymbolicLink":false,"fileMetaData":{"size":213,"lastModifiedTime":1702655496531}},{"hashValue":"359f19f18a6bbbeb9567f3e4eaf02d45","name":"2336102577205713231","path":"E:\\DevEcoStudioProjects\\HouseWorkAPP\\entry\\.preview\\default\\intermediates\\res\\default\\module_compiled\\2336102577205713231","type":"file","isSymbolicLink":false,"fileMetaData":{"size":207,"lastModifiedTime":1702655496536}},{"hashValue":"26bcea00f6639abba2acd45eed524e61","name":"24479791722219117","path":"E:\\DevEcoStudioProjects\\HouseWorkAPP\\entry\\.preview\\default\\intermediates\\res\\default\\module_compiled\\24479791722219117","type":"file","isSymbolicLink":false,"fileMetaData":{"size":470,"lastModifiedTime":1702655496543}},{"hashValue":"7ac4ae962841a75f93feb4837e10376c","name":"3041489167181305422","path":"E:\\DevEcoStudioProjects\\HouseWorkAPP\\entry\\.preview\\default\\intermediates\\res\\default\\module_compiled\\3041489167181305422","type":"file","isSymbolicLink":false,"fileMetaData":{"size":240,"lastModifiedTime":1702655496538}},{"hashValue":"07d91834f237a7d82807aa16f95ceddc","name":"4564087158787336401","path":"E:\\DevEcoStudioProjects\\HouseWorkAPP\\entry\\.preview\\default\\intermediates\\res\\default\\module_compiled\\4564087158787336401","type":"file","isSymbolicLink":false,"fileMetaData":{"size":216,"lastModifiedTime":1702655496531}},{"hashValue":"8c63324f650ee37d99e359b04f1c39db","name":"4955065269432072280","path":"E:\\DevEcoStudioProjects\\HouseWorkAPP\\entry\\.preview\\default\\intermediates\\res\\default\\module_compiled\\4955065269432072280","type":"file","isSymbolicLink":false,"fileMetaData":{"size":213,"lastModifiedTime":1702655496534}},{"hashValue":"95c92b0d50c1e9d2ef01ecf2742e4a91","name":"5361015917254347954","path":"E:\\DevEcoStudioProjects\\HouseWorkAPP\\entry\\.preview\\default\\intermediates\\res\\default\\module_compiled\\5361015917254347954","type":"file","isSymbolicLink":false,"fileMetaData":{"size":219,"lastModifiedTime":1702655496532}},{"hashValue":"a4fd3d0a39c32aa1ae2692921cd97d29","name":"7250056138538899812","path":"E:\\DevEcoStudioProjects\\HouseWorkAPP\\entry\\.preview\\default\\intermediates\\res\\default\\module_compiled\\7250056138538899812","type":"file","isSymbolicLink":false,"fileMetaData":{"size":219,"lastModifiedTime":1702655496532}},{"hashValue":"f09d4c844598170ecbc10c06c746a12f","name":"7665342212184322574","path":"E:\\DevEcoStudioProjects\\HouseWorkAPP\\entry\\.preview\\default\\intermediates\\res\\default\\module_compiled\\7665342212184322574","type":"file","isSymbolicLink":false,"fileMetaData":{"size":225,"lastModifiedTime":1702655496535}},{"hashValue":"1e4088ba400250a7640891db900651dd","name":"7706676878227335228","path":"E:\\DevEcoStudioProjects\\HouseWorkAPP\\entry\\.preview\\default\\intermediates\\res\\default\\module_compiled\\7706676878227335228","type":"file","isSymbolicLink":false,"fileMetaData":{"size":2077,"lastModifiedTime":1702655496529}},{"hashValue":"afd8dc0a287854189c8aaa9f96a4c681","name":"8841246096720912842","path":"E:\\DevEcoStudioProjects\\HouseWorkAPP\\entry\\.preview\\default\\intermediates\\res\\default\\module_compiled\\8841246096720912842","type":"file","isSymbolicLink":false,"fileMetaData":{"size":240,"lastModifiedTime":1702655496537}},{"hashValue":"726594d33b4e575798c941558035a2f1","name":"897200731496110633","path":"E:\\DevEcoStudioProjects\\HouseWorkAPP\\entry\\.preview\\default\\intermediates\\res\\default\\module_compiled\\897200731496110633","type":"file","isSymbolicLink":false,"fileMetaData":{"size":207,"lastModifiedTime":1702655496541}},{"hashValue":"6125cb55a23c5cfd3a8741bc45f99ece","name":"9456169644137729302","path":"E:\\DevEcoStudioProjects\\HouseWorkAPP\\entry\\.preview\\default\\intermediates\\res\\default\\module_compiled\\9456169644137729302","type":"file","isSymbolicLink":false,"fileMetaData":{"size":210,"lastModifiedTime":1702655496533}},{"hashValue":"3ce7370afe18632487843a5cf6b4025a","name":"9704200568972672057","path":"E:\\DevEcoStudioProjects\\HouseWorkAPP\\entry\\.preview\\default\\intermediates\\res\\default\\module_compiled\\9704200568972672057","type":"file","isSymbolicLink":false,"fileMetaData":{"size":198,"lastModifiedTime":1702655496535}}]},{"hashValue":"7daeea473f283407e2e38ac38dd90460","name":"module.json","path":"E:\\DevEcoStudioProjects\\HouseWorkAPP\\entry\\.preview\\default\\intermediates\\res\\default\\module.json","type":"file","isSymbolicLink":false,"fileMetaData":{"size":2049,"lastModifiedTime":1702655496609}},{"hashValue":"41dedd6175efa32ce54a0844cb88f206","name":"resources","path":"E:\\DevEcoStudioProjects\\HouseWorkAPP\\entry\\.preview\\default\\intermediates\\res\\default\\resources","type":"directory","isSymbolicLink":false,"children":[{"hashValue":"a8d9adda26caf6a18220f6fc0c2b0881","name":"base","path":"E:\\DevEcoStudioProjects\\HouseWorkAPP\\entry\\.preview\\default\\intermediates\\res\\default\\resources\\base","type":"directory","isSymbolicLink":false,"children":[{"hashValue":"c31277e1b0ed4bad0dae86e64f495014","name":"profile","path":"E:\\DevEcoStudioProjects\\HouseWorkAPP\\entry\\.preview\\default\\intermediates\\res\\default\\resources\\base\\profile","type":"directory","isSymbolicLink":false,"children":[{"hashValue":"7f9d4d43abd45e77fded449acdfd2f5b","name":"main_pages.json","path":"E:\\DevEcoStudioProjects\\HouseWorkAPP\\entry\\.preview\\default\\intermediates\\res\\default\\resources\\base\\profile\\main_pages.json","type":"file","isSymbolicLink":false,"fileMetaData":{"size":82,"lastModifiedTime":1702655504817}}]}]}]},{"hashValue":"461e768983646eba58ad2dcdb664bd11","name":"resources.index","path":"E:\\DevEcoStudioProjects\\HouseWorkAPP\\entry\\.preview\\default\\intermediates\\res\\default\\resources.index","type":"file","isSymbolicLink":false,"fileMetaData":{"size":7562,"lastModifiedTime":1702655496608}},{"hashValue":"72c06042115a59970d055767d07678f3","name":"ResourceTable.txt","path":"E:\\DevEcoStudioProjects\\HouseWorkAPP\\entry\\.preview\\default\\intermediates\\res\\default\\ResourceTable.txt","type":"file","isSymbolicLink":false,"fileMetaData":{"size":2654,"lastModifiedTime":1702655496611}}]},"E:\\DevEcoStudioProjects\\HouseWorkAPP\\entry\\.preview\\default\\generated\\r\\default\\ResourceTable.h":{"hashValue":"5abed2e48720bc66788120f0b6aed43a","name":"ResourceTable.h","path":"E:\\DevEcoStudioProjects\\HouseWorkAPP\\entry\\.preview\\default\\generated\\r\\default\\ResourceTable.h","type":"file","isSymbolicLink":false,"fileMetaData":{"size":4805,"lastModifiedTime":1702655496610}},"E:\\DevEcoStudioProjects\\HouseWorkAPP\\entry\\.preview\\default\\generated\\r\\default":{"hashValue":"38d02a753dd0a566a6ef9820034e6fcd","name":"default","path":"E:\\DevEcoStudioProjects\\HouseWorkAPP\\entry\\.preview\\default\\generated\\r\\default","type":"directory","isSymbolicLink":false,"children":[{"hashValue":"5abed2e48720bc66788120f0b6aed43a","name":"ResourceTable.h","path":"E:\\DevEcoStudioProjects\\HouseWorkAPP\\entry\\.preview\\default\\generated\\r\\default\\ResourceTable.h","type":"file","isSymbolicLink":false,"fileMetaData":{"size":4805,"lastModifiedTime":1702655496610}}]},"E:\\DevEcoStudioProjects\\HouseWorkAPP\\entry\\.preview\\config\\buildConfig.json":{"hashValue":"40fbefd4b8828b5630224096ba6c5661","name":"buildConfig.json","path":"E:\\DevEcoStudioProjects\\HouseWorkAPP\\entry\\.preview\\config\\buildConfig.json","type":"file","isSymbolicLink":false,"fileMetaData":{"size":1842,"lastModifiedTime":1702655491921}},"E:\\DevEcoStudioProjects\\HouseWorkAPP\\entry\\.preview\\default\\intermediates\\res\\default\\module.json":{"hashValue":"7daeea473f283407e2e38ac38dd90460","name":"module.json","path":"E:\\DevEcoStudioProjects\\HouseWorkAPP\\entry\\.preview\\default\\intermediates\\res\\default\\module.json","type":"file","isSymbolicLink":false,"fileMetaData":{"size":2049,"lastModifiedTime":1702655496609}},"E:\\DevEcoStudioProjects\\HouseWorkAPP\\entry\\.preview\\default\\intermediates\\res\\default\\resources\\base\\profile\\main_pages.json":{"hashValue":"7f9d4d43abd45e77fded449acdfd2f5b","name":"main_pages.json","path":"E:\\DevEcoStudioProjects\\HouseWorkAPP\\entry\\.preview\\default\\intermediates\\res\\default\\resources\\base\\profile\\main_pages.json","type":"file","isSymbolicLink":false,"fileMetaData":{"size":82,"lastModifiedTime":1702655504817}},"E:\\DevEcoStudioProjects\\HouseWorkAPP\\entry\\.preview\\default\\intermediates\\loader\\default":{"hashValue":"5c4661cef19284b0eda6225b5ac6c14c","name":"default","path":"E:\\DevEcoStudioProjects\\HouseWorkAPP\\entry\\.preview\\default\\intermediates\\loader\\default","type":"directory","isSymbolicLink":false,"children":[{"hashValue":"437339762bc280f0853ce62742037994","name":"loader.json","path":"E:\\DevEcoStudioProjects\\HouseWorkAPP\\entry\\.preview\\default\\intermediates\\loader\\default\\loader.json","type":"file","isSymbolicLink":false,"fileMetaData":{"size":363,"lastModifiedTime":1702655496254}}]},"E:\\DevEcoStudioProjects\\HouseWorkAPP\\entry\\.preview\\default\\intermediates\\res\\default\\ResourceTable.txt":{"hashValue":"72c06042115a59970d055767d07678f3","name":"ResourceTable.txt","path":"E:\\DevEcoStudioProjects\\HouseWorkAPP\\entry\\.preview\\default\\intermediates\\res\\default\\ResourceTable.txt","type":"file","isSymbolicLink":false,"fileMetaData":{"size":2654,"lastModifiedTime":1702655496611}},"E:\\DevEcoStudioProjects\\HouseWorkAPP\\entry\\.preview\\default\\intermediates\\res\\default\\resources\\base\\profile":{"hashValue":"c31277e1b0ed4bad0dae86e64f495014","name":"profile","path":"E:\\DevEcoStudioProjects\\HouseWorkAPP\\entry\\.preview\\default\\intermediates\\res\\default\\resources\\base\\profile","type":"directory","isSymbolicLink":false,"children":[{"hashValue":"7f9d4d43abd45e77fded449acdfd2f5b","name":"main_pages.json","path":"E:\\DevEcoStudioProjects\\HouseWorkAPP\\entry\\.preview\\default\\intermediates\\res\\default\\resources\\base\\profile\\main_pages.json","type":"file","isSymbolicLink":false,"fileMetaData":{"size":82,"lastModifiedTime":1702655504817}}]},"E:\\DevEcoStudioProjects\\HouseWorkAPP\\entry\\src\\main\\ets":{"hashValue":"bfe080fd47c9abf336c5dd4842f34030","name":"ets","path":"E:\\DevEcoStudioProjects\\HouseWorkAPP\\entry\\src\\main\\ets","type":"directory","isSymbolicLink":false,"children":[{"hashValue":"08cbc414ad48beaf0ba77aa3a18de5af","name":"constants","path":"E:\\DevEcoStudioProjects\\HouseWorkAPP\\entry\\src\\main\\ets\\constants","type":"directory","isSymbolicLink":false,"children":[{"hashValue":"f7b24d9b9bc49714eae52d931a93a27a","name":"ColorConstants.ets","path":"E:\\DevEcoStudioProjects\\HouseWorkAPP\\entry\\src\\main\\ets\\constants\\ColorConstants.ets","type":"file","isSymbolicLink":false,"fileMetaData":{"size":1563,"lastModifiedTime":1687859236000}},{"hashValue":"522a4567f153fab4a860bd552579438e","name":"CommonConstants.ets","path":"E:\\DevEcoStudioProjects\\HouseWorkAPP\\entry\\src\\main\\ets\\constants\\CommonConstants.ets","type":"file","isSymbolicLink":false,"fileMetaData":{"size":12504,"lastModifiedTime":1702655159398}},{"hashValue":"a39aa95ce7935c6593c3afa3f5fd94ce","name":"StyleConstants.ets","path":"E:\\DevEcoStudioProjects\\HouseWorkAPP\\entry\\src\\main\\ets\\constants\\StyleConstants.ets","type":"file","isSymbolicLink":false,"fileMetaData":{"size":1295,"lastModifiedTime":1687859236000}}]},{"hashValue":"61806ef62e2becae698da5412ab3c93e","name":"database","path":"E:\\DevEcoStudioProjects\\HouseWorkAPP\\entry\\src\\main\\ets\\database","type":"directory","isSymbolicLink":false,"children":[{"hashValue":"b0d38958fce6c336b6a40fcc337651db","name":"rdb","path":"E:\\DevEcoStudioProjects\\HouseWorkAPP\\entry\\src\\main\\ets\\database\\rdb","type":"directory","isSymbolicLink":false,"children":[{"hashValue":"c9a767dc4c349c32c2d57ea77859c81c","name":"RdbHelper.ets","path":"E:\\DevEcoStudioProjects\\HouseWorkAPP\\entry\\src\\main\\ets\\database\\rdb\\RdbHelper.ets","type":"file","isSymbolicLink":false,"fileMetaData":{"size":4279,"lastModifiedTime":1702019475286}},{"hashValue":"8daed936cc067cac1d3b14feb66da87e","name":"RdbHelperImp.ets","path":"E:\\DevEcoStudioProjects\\HouseWorkAPP\\entry\\src\\main\\ets\\database\\rdb\\RdbHelperImp.ets","type":"file","isSymbolicLink":false,"fileMetaData":{"size":6242,"lastModifiedTime":1702485480760}},{"hashValue":"57aa9ef6b5e3d580c14ea611c27eef0b","name":"RdbUtils.ets","path":"E:\\DevEcoStudioProjects\\HouseWorkAPP\\entry\\src\\main\\ets\\database\\rdb\\RdbUtils.ets","type":"file","isSymbolicLink":false,"fileMetaData":{"size":4294,"lastModifiedTime":1702019434521}},{"hashValue":"f3b81367a71b842549fb46f31e4d78f3","name":"TableHelper.ets","path":"E:\\DevEcoStudioProjects\\HouseWorkAPP\\entry\\src\\main\\ets\\database\\rdb\\TableHelper.ets","type":"file","isSymbolicLink":false,"fileMetaData":{"size":2059,"lastModifiedTime":1702089062946}}]},{"hashValue":"86e793bb50df067b84ec2030f129bed6","name":"tables","path":"E:\\DevEcoStudioProjects\\HouseWorkAPP\\entry\\src\\main\\ets\\database\\tables","type":"directory","isSymbolicLink":false,"children":[{"hashValue":"84b65f3811e0ab948c62a6de19308cb8","name":"DayInfoApi.ets","path":"E:\\DevEcoStudioProjects\\HouseWorkAPP\\entry\\src\\main\\ets\\database\\tables\\DayInfoApi.ets","type":"file","isSymbolicLink":false,"fileMetaData":{"size":4526,"lastModifiedTime":1702024615493}},{"hashValue":"9e2dbfd6f90ea93574fc10d7d534f406","name":"FormInfoApi.ets","path":"E:\\DevEcoStudioProjects\\HouseWorkAPP\\entry\\src\\main\\ets\\database\\tables\\FormInfoApi.ets","type":"file","isSymbolicLink":false,"fileMetaData":{"size":3599,"lastModifiedTime":1702024636596}},{"hashValue":"b3d522a869a83c77c3022e0ac668d6cd","name":"GlobalInfoApi.ets","path":"E:\\DevEcoStudioProjects\\HouseWorkAPP\\entry\\src\\main\\ets\\database\\tables\\GlobalInfoApi.ets","type":"file","isSymbolicLink":false,"fileMetaData":{"size":3713,"lastModifiedTime":1702024643395}},{"hashValue":"1ba3a6bd013c368b5888883d81d45b76","name":"PersonInfoApi.ets","path":"E:\\DevEcoStudioProjects\\HouseWorkAPP\\entry\\src\\main\\ets\\database\\tables\\PersonInfoApi.ets","type":"file","isSymbolicLink":false,"fileMetaData":{"size":5257,"lastModifiedTime":1702630398644}},{"hashValue":"9f4a193dc42378ec80421e9e1aeaf9d2","name":"PrayInfoApi.ets","path":"E:\\DevEcoStudioProjects\\HouseWorkAPP\\entry\\src\\main\\ets\\database\\tables\\PrayInfoApi.ets","type":"file","isSymbolicLink":false,"fileMetaData":{"size":4000,"lastModifiedTime":1702028648293}},{"hashValue":"c927f5c1c8da3e545d1b650a8e5038fb","name":"TaskInfoApi.ets","path":"E:\\DevEcoStudioProjects\\HouseWorkAPP\\entry\\src\\main\\ets\\database\\tables\\TaskInfoApi.ets","type":"file","isSymbolicLink":false,"fileMetaData":{"size":14060,"lastModifiedTime":1702660115383}}]}]},{"hashValue":"adfb22d34c6d1b8cc499501c348d68c9","name":"entryability","path":"E:\\DevEcoStudioProjects\\HouseWorkAPP\\entry\\src\\main\\ets\\entryability","type":"directory","isSymbolicLink":false,"children":[{"hashValue":"cbd028fc629142e39d23bb70cf1aca6c","name":"EntryAbility.ets","path":"E:\\DevEcoStudioProjects\\HouseWorkAPP\\entry\\src\\main\\ets\\entryability\\EntryAbility.ets","type":"file","isSymbolicLink":false,"fileMetaData":{"size":4521,"lastModifiedTime":1702629868347}}]},{"hashValue":"f633d5d78e3dd8141737b2115d307c16","name":"model","path":"E:\\DevEcoStudioProjects\\HouseWorkAPP\\entry\\src\\main\\ets\\model","type":"directory","isSymbolicLink":false,"children":[{"hashValue":"5eefbb7a9a675b31239ba93c9a636bc4","name":"DatabaseModel.ets","path":"E:\\DevEcoStudioProjects\\HouseWorkAPP\\entry\\src\\main\\ets\\model\\DatabaseModel.ets","type":"file","isSymbolicLink":false,"fileMetaData":{"size":6784,"lastModifiedTime":1702262859471}},{"hashValue":"49d13e44ee77a3610c066e7628d42744","name":"RdbColumnModel.ets","path":"E:\\DevEcoStudioProjects\\HouseWorkAPP\\entry\\src\\main\\ets\\model\\RdbColumnModel.ets","type":"file","isSymbolicLink":false,"fileMetaData":{"size":3181,"lastModifiedTime":1702486401893}},{"hashValue":"4b97b11df38e0e6214ebe2f70f457546","name":"WeekCalendarModel.ets","path":"E:\\DevEcoStudioProjects\\HouseWorkAPP\\entry\\src\\main\\ets\\model\\WeekCalendarModel.ets","type":"file","isSymbolicLink":false,"fileMetaData":{"size":3213,"lastModifiedTime":1702009678165}}]},{"hashValue":"121a4dfd773e060102cb82dbcb9b24ad","name":"pages","path":"E:\\DevEcoStudioProjects\\HouseWorkAPP\\entry\\src\\main\\ets\\pages","type":"directory","isSymbolicLink":false,"children":[{"hashValue":"4e854090864281999ced984e70f9efd0","name":"CanvasPage.ets","path":"E:\\DevEcoStudioProjects\\HouseWorkAPP\\entry\\src\\main\\ets\\pages\\CanvasPage.ets","type":"file","isSymbolicLink":false,"fileMetaData":{"size":6309,"lastModifiedTime":1702658168726}},{"hashValue":"e8244a9b8670e60dc3e29431f9c27e70","name":"Index.ets","path":"E:\\DevEcoStudioProjects\\HouseWorkAPP\\entry\\src\\main\\ets\\pages\\Index.ets","type":"file","isSymbolicLink":false,"fileMetaData":{"size":1949,"lastModifiedTime":1702368253070}},{"hashValue":"bfbb718f715e0a4386568c7ee26d9a83","name":"JiatingIndex.ets","path":"E:\\DevEcoStudioProjects\\HouseWorkAPP\\entry\\src\\main\\ets\\pages\\JiatingIndex.ets","type":"file","isSymbolicLink":false,"fileMetaData":{"size":1431,"lastModifiedTime":1702651529777}},{"hashValue":"39c7e9ab193b5546ab88060f79c8703f","name":"PersonEdit.ets","path":"E:\\DevEcoStudioProjects\\HouseWorkAPP\\entry\\src\\main\\ets\\pages\\PersonEdit.ets","type":"file","isSymbolicLink":false,"fileMetaData":{"size":4672,"lastModifiedTime":1702633203887}},{"hashValue":"e6e766bdfe634f46c12d42b91894231a","name":"TaskEditPage.ets","path":"E:\\DevEcoStudioProjects\\HouseWorkAPP\\entry\\src\\main\\ets\\pages\\TaskEditPage.ets","type":"file","isSymbolicLink":false,"fileMetaData":{"size":10954,"lastModifiedTime":1702699410882}},{"hashValue":"c9a98a147868ac9bccbbc1ff42e5fb1f","name":"TaskIndex.ets","path":"E:\\DevEcoStudioProjects\\HouseWorkAPP\\entry\\src\\main\\ets\\pages\\TaskIndex.ets","type":"file","isSymbolicLink":false,"fileMetaData":{"size":18589,"lastModifiedTime":1702698234856}}]},{"hashValue":"fabf2fff7be9748087f033c6e173dd52","name":"service","path":"E:\\DevEcoStudioProjects\\HouseWorkAPP\\entry\\src\\main\\ets\\service","type":"directory","isSymbolicLink":false,"children":[{"hashValue":"a086920855c533f112167c040299b157","name":"ReminderAgent.ets","path":"E:\\DevEcoStudioProjects\\HouseWorkAPP\\entry\\src\\main\\ets\\service\\ReminderAgent.ets","type":"file","isSymbolicLink":false,"fileMetaData":{"size":9228,"lastModifiedTime":1702287609108}}]},{"hashValue":"b7a768368fa6e308854a832dd6f2dee6","name":"utils","path":"E:\\DevEcoStudioProjects\\HouseWorkAPP\\entry\\src\\main\\ets\\utils","type":"directory","isSymbolicLink":false,"children":[{"hashValue":"a5651a44a35087fabdfa722ab1ca4318","name":"CheckEmptyUtils.ets","path":"E:\\DevEcoStudioProjects\\HouseWorkAPP\\entry\\src\\main\\ets\\utils\\CheckEmptyUtils.ets","type":"file","isSymbolicLink":false,"fileMetaData":{"size":1342,"lastModifiedTime":1693898102000}},{"hashValue":"0de37f9b67165de2353cdc5edb9c1a10","name":"GlobalContext.ets","path":"E:\\DevEcoStudioProjects\\HouseWorkAPP\\entry\\src\\main\\ets\\utils\\GlobalContext.ets","type":"file","isSymbolicLink":false,"fileMetaData":{"size":1156,"lastModifiedTime":1698043038000}},{"hashValue":"0cb7b6af5c4ed1925220725ef35e7c42","name":"Logger.ets","path":"E:\\DevEcoStudioProjects\\HouseWorkAPP\\entry\\src\\main\\ets\\utils\\Logger.ets","type":"file","isSymbolicLink":false,"fileMetaData":{"size":1719,"lastModifiedTime":1702009578893}},{"hashValue":"cbaa862465e78bf9c2be397864f46299","name":"PersonList.ets","path":"E:\\DevEcoStudioProjects\\HouseWorkAPP\\entry\\src\\main\\ets\\utils\\PersonList.ets","type":"file","isSymbolicLink":false,"fileMetaData":{"size":1333,"lastModifiedTime":1702633165167}},{"hashValue":"5a246baeec9ed187a060e061bf75b5db","name":"Utils.ets","path":"E:\\DevEcoStudioProjects\\HouseWorkAPP\\entry\\src\\main\\ets\\utils\\Utils.ets","type":"file","isSymbolicLink":false,"fileMetaData":{"size":3119,"lastModifiedTime":1702124611770}}]},{"hashValue":"8c13c63862a2defe9697aed7e6e83b65","name":"view","path":"E:\\DevEcoStudioProjects\\HouseWorkAPP\\entry\\src\\main\\ets\\view","type":"directory","isSymbolicLink":false,"children":[{"hashValue":"3272e926253cd9a221d647ed2a3bfeec","name":"PrizeDialog.ets","path":"E:\\DevEcoStudioProjects\\HouseWorkAPP\\entry\\src\\main\\ets\\view\\PrizeDialog.ets","type":"file","isSymbolicLink":false,"fileMetaData":{"size":2159,"lastModifiedTime":1702655239450}}]},{"hashValue":"6560fbc5d3ed848fd406ebafd028e51d","name":"viewmodel","path":"E:\\DevEcoStudioProjects\\HouseWorkAPP\\entry\\src\\main\\ets\\viewmodel","type":"directory","isSymbolicLink":false,"children":[{"hashValue":"3ef8e4e0a01ccd8ada0c9e717773a3e3","name":"ColumnInfo.ets","path":"E:\\DevEcoStudioProjects\\HouseWorkAPP\\entry\\src\\main\\ets\\viewmodel\\ColumnInfo.ets","type":"file","isSymbolicLink":false,"fileMetaData":{"size":1141,"lastModifiedTime":1698043038000}},{"hashValue":"4f48fa7fb3648d48ec57bb1ae90389a2","name":"DayInfo.ets","path":"E:\\DevEcoStudioProjects\\HouseWorkAPP\\entry\\src\\main\\ets\\viewmodel\\DayInfo.ets","type":"file","isSymbolicLink":false,"fileMetaData":{"size":301,"lastModifiedTime":1702008346101}},{"hashValue":"e250dd9de243dada666c46fe28308f7c","name":"DrawModel.ets","path":"E:\\DevEcoStudioProjects\\HouseWorkAPP\\entry\\src\\main\\ets\\viewmodel\\DrawModel.ets","type":"file","isSymbolicLink":false,"fileMetaData":{"size":12160,"lastModifiedTime":1702658100725}},{"hashValue":"5b664816c5538476d3dbd0a964b13666","name":"FillArcData.ets","path":"E:\\DevEcoStudioProjects\\HouseWorkAPP\\entry\\src\\main\\ets\\viewmodel\\FillArcData.ets","type":"file","isSymbolicLink":false,"fileMetaData":{"size":1708,"lastModifiedTime":1687859236000}},{"hashValue":"28305d4a4d62ce00274f311f7043c4be","name":"FormInfo.ets","path":"E:\\DevEcoStudioProjects\\HouseWorkAPP\\entry\\src\\main\\ets\\viewmodel\\FormInfo.ets","type":"file","isSymbolicLink":false,"fileMetaData":{"size":873,"lastModifiedTime":1698043038000}},{"hashValue":"4b944c943ebeedfe67890d4c0f7d750c","name":"GlobalInfo.ets","path":"E:\\DevEcoStudioProjects\\HouseWorkAPP\\entry\\src\\main\\ets\\viewmodel\\GlobalInfo.ets","type":"file","isSymbolicLink":false,"fileMetaData":{"size":1136,"lastModifiedTime":1698043038000}},{"hashValue":"0f44167a9409546e4a06fedf6bc0152f","name":"PersonInfo.ets","path":"E:\\DevEcoStudioProjects\\HouseWorkAPP\\entry\\src\\main\\ets\\viewmodel\\PersonInfo.ets","type":"file","isSymbolicLink":false,"fileMetaData":{"size":296,"lastModifiedTime":1702275466232}},{"hashValue":"b3e19d1bf0f136d9ae3984deb55b68f3","name":"PrayInfo.ets","path":"E:\\DevEcoStudioProjects\\HouseWorkAPP\\entry\\src\\main\\ets\\viewmodel\\PrayInfo.ets","type":"file","isSymbolicLink":false,"fileMetaData":{"size":112,"lastModifiedTime":1702022500158}},{"hashValue":"78dfd9163e41f618517306f690192a77","name":"PrizeData.ets","path":"E:\\DevEcoStudioProjects\\HouseWorkAPP\\entry\\src\\main\\ets\\viewmodel\\PrizeData.ets","type":"file","isSymbolicLink":false,"fileMetaData":{"size":804,"lastModifiedTime":1693898102000}},{"hashValue":"22114cc3c6be3dc9b4b889b27727c330","name":"ReminderItem.ets","path":"E:\\DevEcoStudioProjects\\HouseWorkAPP\\entry\\src\\main\\ets\\viewmodel\\ReminderItem.ets","type":"file","isSymbolicLink":false,"fileMetaData":{"size":227,"lastModifiedTime":1702285801365}},{"hashValue":"0fbe2775188e2d12d2b144df4767f93a","name":"TaskInfo.ets","path":"E:\\DevEcoStudioProjects\\HouseWorkAPP\\entry\\src\\main\\ets\\viewmodel\\TaskInfo.ets","type":"file","isSymbolicLink":false,"fileMetaData":{"size":2121,"lastModifiedTime":1702378654092}},{"hashValue":"55652032a464c2b61e3745a38fff92e8","name":"WeekCalendarInfo.ets","path":"E:\\DevEcoStudioProjects\\HouseWorkAPP\\entry\\src\\main\\ets\\viewmodel\\WeekCalendarInfo.ets","type":"file","isSymbolicLink":false,"fileMetaData":{"size":825,"lastModifiedTime":1698043038000}}]}]},"E:\\DevEcoStudioProjects\\HouseWorkAPP\\entry\\build\\default\\intermediates\\hap_metadata\\default\\output_metadata.json":{"hashValue":"269411619c19221581cbf96c80bf9789","name":"output_metadata.json","path":"E:\\DevEcoStudioProjects\\HouseWorkAPP\\entry\\build\\default\\intermediates\\hap_metadata\\default\\output_metadata.json","type":"file","isSymbolicLink":false,"fileMetaData":{"size":93,"lastModifiedTime":1702124007607}},"E:\\DevEcoStudioProjects\\HouseWorkAPP\\entry\\build\\default\\intermediates\\merge_profile\\default\\module.json":{"hashValue":"7bbc4e75686d3314f7d50d8798399459","name":"module.json","path":"E:\\DevEcoStudioProjects\\HouseWorkAPP\\entry\\build\\default\\intermediates\\merge_profile\\default\\module.json","type":"file","isSymbolicLink":false,"fileMetaData":{"size":1063,"lastModifiedTime":1702655642492}},"E:\\DevEcoStudioProjects\\HouseWorkAPP\\entry\\build\\default\\intermediates\\loader\\default\\loader.json":{"hashValue":"fd7da600e547fd28c73fd68641d678fc","name":"loader.json","path":"E:\\DevEcoStudioProjects\\HouseWorkAPP\\entry\\build\\default\\intermediates\\loader\\default\\loader.json","type":"file","isSymbolicLink":false,"fileMetaData":{"size":360,"lastModifiedTime":1702655642497}},"E:\\DevEcoStudioProjects\\HouseWorkAPP\\entry\\build\\default\\outputs\\default\\pack.info":{"hashValue":"1fafaf88b4b4e8b6b5fbccb3aef8f7a1","name":"pack.info","path":"E:\\DevEcoStudioProjects\\HouseWorkAPP\\entry\\build\\default\\outputs\\default\\pack.info","type":"file","isSymbolicLink":false,"fileMetaData":{"size":542,"lastModifiedTime":1702124007636}},"E:\\DevEcoStudioProjects\\HouseWorkAPP\\entry\\build\\default\\intermediates\\process_profile\\default\\module.json":{"hashValue":"8734cd70d6055d2a7d2855e18090d80b","name":"module.json","path":"E:\\DevEcoStudioProjects\\HouseWorkAPP\\entry\\build\\default\\intermediates\\process_profile\\default\\module.json","type":"file","isSymbolicLink":false,"fileMetaData":{"size":1148,"lastModifiedTime":1702655642634}},"E:\\DevEcoStudioProjects\\HouseWorkAPP\\entry\\build\\default\\intermediates\\res\\default\\resConfig.json":{"hashValue":"bc7188ecf61290e1c7c9d8776d8f3f8a","name":"resConfig.json","path":"E:\\DevEcoStudioProjects\\HouseWorkAPP\\entry\\build\\default\\intermediates\\res\\default\\resConfig.json","type":"file","isSymbolicLink":false,"fileMetaData":{"size":612,"lastModifiedTime":1702124007797}},"E:\\DevEcoStudioProjects\\HouseWorkAPP\\entry\\build\\default\\intermediates\\libs\\default":{"hashValue":"","name":"default","path":"E:\\DevEcoStudioProjects\\HouseWorkAPP\\entry\\build\\default\\intermediates\\libs\\default","type":"directory","isSymbolicLink":false,"children":[]},"E:\\DevEcoStudioProjects\\HouseWorkAPP\\entry\\build\\default\\intermediates\\res\\default":{"hashValue":"fedf4c815f8d1e55e7bb3ed698ec4d08","name":"default","path":"E:\\DevEcoStudioProjects\\HouseWorkAPP\\entry\\build\\default\\intermediates\\res\\default","type":"directory","isSymbolicLink":false,"children":[{"hashValue":"6d85e11b25d0dbd9cd435077d8f855be","name":"module.json","path":"E:\\DevEcoStudioProjects\\HouseWorkAPP\\entry\\build\\default\\intermediates\\res\\default\\module.json","type":"file","isSymbolicLink":false,"fileMetaData":{"size":2049,"lastModifiedTime":1702658117690}},{"hashValue":"bc7188ecf61290e1c7c9d8776d8f3f8a","name":"resConfig.json","path":"E:\\DevEcoStudioProjects\\HouseWorkAPP\\entry\\build\\default\\intermediates\\res\\default\\resConfig.json","type":"file","isSymbolicLink":false,"fileMetaData":{"size":612,"lastModifiedTime":1702124007797}},{"hashValue":"119c02d75c13298d77dbdeb1f260600e","name":"resources","path":"E:\\DevEcoStudioProjects\\HouseWorkAPP\\entry\\build\\default\\intermediates\\res\\default\\resources","type":"directory","isSymbolicLink":false,"children":[{"hashValue":"0959d365b10e9704882d6f7fe601755e","name":"base","path":"E:\\DevEcoStudioProjects\\HouseWorkAPP\\entry\\build\\default\\intermediates\\res\\default\\resources\\base","type":"directory","isSymbolicLink":false,"children":[{"hashValue":"85e60daf2f7927dd96316b81b8f22005","name":"media","path":"E:\\DevEcoStudioProjects\\HouseWorkAPP\\entry\\build\\default\\intermediates\\res\\default\\resources\\base\\media","type":"directory","isSymbolicLink":false,"children":[{"hashValue":"05353ece28ea05935aa47a6910dd7405","name":"add_task.png","path":"E:\\DevEcoStudioProjects\\HouseWorkAPP\\entry\\build\\default\\intermediates\\res\\default\\resources\\base\\media\\add_task.png","type":"file","isSymbolicLink":false,"fileMetaData":{"size":822,"lastModifiedTime":1702650574303}},{"hashValue":"17ce57aed652fd12ab3004fc663e718f","name":"Add.png","path":"E:\\DevEcoStudioProjects\\HouseWorkAPP\\entry\\build\\default\\intermediates\\res\\default\\resources\\base\\media\\Add.png","type":"file","isSymbolicLink":false,"fileMetaData":{"size":12916,"lastModifiedTime":1699948168000}},{"hashValue":"19baffa949f144511ecfae0394ec5441","name":"app_icon.png","path":"E:\\DevEcoStudioProjects\\HouseWorkAPP\\entry\\build\\default\\intermediates\\res\\default\\resources\\base\\media\\app_icon.png","type":"file","isSymbolicLink":false,"fileMetaData":{"size":6790,"lastModifiedTime":1702008033091}},{"hashValue":"3a193b2143012d5a5adcf7c6bec9cc36","name":"arrow_down.png","path":"E:\\DevEcoStudioProjects\\HouseWorkAPP\\entry\\build\\default\\intermediates\\res\\default\\resources\\base\\media\\arrow_down.png","type":"file","isSymbolicLink":false,"fileMetaData":{"size":213,"lastModifiedTime":1702612759909}},{"hashValue":"3ae886381f424d8b4a1cdc1cdcc81c15","name":"choujiang.png","path":"E:\\DevEcoStudioProjects\\HouseWorkAPP\\entry\\build\\default\\intermediates\\res\\default\\resources\\base\\media\\choujiang.png","type":"file","isSymbolicLink":false,"fileMetaData":{"size":718,"lastModifiedTime":1702649125279}},{"hashValue":"019d22280820ff379eba72363df99588","name":"curse_right.png","path":"E:\\DevEcoStudioProjects\\HouseWorkAPP\\entry\\build\\default\\intermediates\\res\\default\\resources\\base\\media\\curse_right.png","type":"file","isSymbolicLink":false,"fileMetaData":{"size":256,"lastModifiedTime":1702565946864}},{"hashValue":"fd5653bdb9f063d48c8424173da09098","name":"delete_gray.png","path":"E:\\DevEcoStudioProjects\\HouseWorkAPP\\entry\\build\\default\\intermediates\\res\\default\\resources\\base\\media\\delete_gray.png","type":"file","isSymbolicLink":false,"fileMetaData":{"size":591,"lastModifiedTime":1702628098524}},{"hashValue":"c3bca27864c0053e91b7ffdd987340e5","name":"family.png","path":"E:\\DevEcoStudioProjects\\HouseWorkAPP\\entry\\build\\default\\intermediates\\res\\default\\resources\\base\\media\\family.png","type":"file","isSymbolicLink":false,"fileMetaData":{"size":355,"lastModifiedTime":1702647724656}},{"hashValue":"a07d5814e3584cff0d76059311d9668a","name":"finished.png","path":"E:\\DevEcoStudioProjects\\HouseWorkAPP\\entry\\build\\default\\intermediates\\res\\default\\resources\\base\\media\\finished.png","type":"file","isSymbolicLink":false,"fileMetaData":{"size":280,"lastModifiedTime":1702569289930}},{"hashValue":"776bc0834ce4f639952149196b01872f","name":"flower_gray.png","path":"E:\\DevEcoStudioProjects\\HouseWorkAPP\\entry\\build\\default\\intermediates\\res\\default\\resources\\base\\media\\flower_gray.png","type":"file","isSymbolicLink":false,"fileMetaData":{"size":382,"lastModifiedTime":1702268709572}},{"hashValue":"8c9ed64f69cafe80cb7d6651999fa31e","name":"flower.png","path":"E:\\DevEcoStudioProjects\\HouseWorkAPP\\entry\\build\\default\\intermediates\\res\\default\\resources\\base\\media\\flower.png","type":"file","isSymbolicLink":false,"fileMetaData":{"size":489,"lastModifiedTime":1702268609296}},{"hashValue":"c7fc23c79f8357a870cbcaa752dac18e","name":"home_fill.png","path":"E:\\DevEcoStudioProjects\\HouseWorkAPP\\entry\\build\\default\\intermediates\\res\\default\\resources\\base\\media\\home_fill.png","type":"file","isSymbolicLink":false,"fileMetaData":{"size":376,"lastModifiedTime":1702367262573}},{"hashValue":"d2d2ab812eec45f982c0e8472a327b44","name":"home.png","path":"E:\\DevEcoStudioProjects\\HouseWorkAPP\\entry\\build\\default\\intermediates\\res\\default\\resources\\base\\media\\home.png","type":"file","isSymbolicLink":false,"fileMetaData":{"size":353,"lastModifiedTime":1702367346032}},{"hashValue":"5a2c10312cf81df71f5f2420dad3ed6c","name":"housework.jpg","path":"E:\\DevEcoStudioProjects\\HouseWorkAPP\\entry\\build\\default\\intermediates\\res\\default\\resources\\base\\media\\housework.jpg","type":"file","isSymbolicLink":false,"fileMetaData":{"size":626918,"lastModifiedTime":1702367996817}},{"hashValue":"053bdd5967f51d6641af3c5eaaec2588","name":"ic_background.png","path":"E:\\DevEcoStudioProjects\\HouseWorkAPP\\entry\\build\\default\\intermediates\\res\\default\\resources\\base\\media\\ic_background.png","type":"file","isSymbolicLink":false,"fileMetaData":{"size":98462,"lastModifiedTime":1687859236000}},{"hashValue":"72f6b6932aeeb82f6bbebf662ff746eb","name":"ic_beer.png","path":"E:\\DevEcoStudioProjects\\HouseWorkAPP\\entry\\build\\default\\intermediates\\res\\default\\resources\\base\\media\\ic_beer.png","type":"file","isSymbolicLink":false,"fileMetaData":{"size":34586,"lastModifiedTime":1687859236000}},{"hashValue":"71540f751c9e621903664d32ffdf3452","name":"ic_cake.png","path":"E:\\DevEcoStudioProjects\\HouseWorkAPP\\entry\\build\\default\\intermediates\\res\\default\\resources\\base\\media\\ic_cake.png","type":"file","isSymbolicLink":false,"fileMetaData":{"size":31857,"lastModifiedTime":1687859236000}},{"hashValue":"f16733d8a20a4b271dbbbb3fb8df92b2","name":"ic_center.png","path":"E:\\DevEcoStudioProjects\\HouseWorkAPP\\entry\\build\\default\\intermediates\\res\\default\\resources\\base\\media\\ic_center.png","type":"file","isSymbolicLink":false,"fileMetaData":{"size":19506,"lastModifiedTime":1687859236000}},{"hashValue":"d457f3b9e241f8c9bae9cf82d51acbab","name":"ic_contacts_rcs_list_2.png","path":"E:\\DevEcoStudioProjects\\HouseWorkAPP\\entry\\build\\default\\intermediates\\res\\default\\resources\\base\\media\\ic_contacts_rcs_list_2.png","type":"file","isSymbolicLink":false,"fileMetaData":{"size":253,"lastModifiedTime":1702367034095}},{"hashValue":"164bd129dd2a5b88619e9ea190952f19","name":"ic_contacts_rcs_list.png","path":"E:\\DevEcoStudioProjects\\HouseWorkAPP\\entry\\build\\default\\intermediates\\res\\default\\resources\\base\\media\\ic_contacts_rcs_list.png","type":"file","isSymbolicLink":false,"fileMetaData":{"size":260,"lastModifiedTime":1702367031213}},{"hashValue":"32bd46820a3e3e5e041db2cf7910b5a6","name":"ic_files_size_drive.png","path":"E:\\DevEcoStudioProjects\\HouseWorkAPP\\entry\\build\\default\\intermediates\\res\\default\\resources\\base\\media\\ic_files_size_drive.png","type":"file","isSymbolicLink":false,"fileMetaData":{"size":275,"lastModifiedTime":1702367160296}},{"hashValue":"4fbc612de6fb6fedad6de8b2b145bc0e","name":"ic_hamburg.png","path":"E:\\DevEcoStudioProjects\\HouseWorkAPP\\entry\\build\\default\\intermediates\\res\\default\\resources\\base\\media\\ic_hamburg.png","type":"file","isSymbolicLink":false,"fileMetaData":{"size":34836,"lastModifiedTime":1687859236000}},{"hashValue":"385f247200f350b714fb77cf2a9c9aa5","name":"ic_public_calendar.png","path":"E:\\DevEcoStudioProjects\\HouseWorkAPP\\entry\\build\\default\\intermediates\\res\\default\\resources\\base\\media\\ic_public_calendar.png","type":"file","isSymbolicLink":false,"fileMetaData":{"size":320,"lastModifiedTime":1702367088695}},{"hashValue":"33212a35fa8647b40a0cf9f6a590ec13","name":"ic_public_clock.png","path":"E:\\DevEcoStudioProjects\\HouseWorkAPP\\entry\\build\\default\\intermediates\\res\\default\\resources\\base\\media\\ic_public_clock.png","type":"file","isSymbolicLink":false,"fileMetaData":{"size":482,"lastModifiedTime":1702367095739}},{"hashValue":"b294f1603af7f2a7538653d0df72929c","name":"ic_public_contacts.png","path":"E:\\DevEcoStudioProjects\\HouseWorkAPP\\entry\\build\\default\\intermediates\\res\\default\\resources\\base\\media\\ic_public_contacts.png","type":"file","isSymbolicLink":false,"fileMetaData":{"size":397,"lastModifiedTime":1702367006298}},{"hashValue":"509fc4377aa502537002301cb92c15a6","name":"ic_public_delete.png","path":"E:\\DevEcoStudioProjects\\HouseWorkAPP\\entry\\build\\default\\intermediates\\res\\default\\resources\\base\\media\\ic_public_delete.png","type":"file","isSymbolicLink":false,"fileMetaData":{"size":395,"lastModifiedTime":1702366920432}},{"hashValue":"6625e65411c40ef7fc75bfc77c3bbe26","name":"ic_public_input_search.png","path":"E:\\DevEcoStudioProjects\\HouseWorkAPP\\entry\\build\\default\\intermediates\\res\\default\\resources\\base\\media\\ic_public_input_search.png","type":"file","isSymbolicLink":false,"fileMetaData":{"size":388,"lastModifiedTime":1702366937386}},{"hashValue":"62347330754ec741a580628ea91bdf3a","name":"ic_public_ok.png","path":"E:\\DevEcoStudioProjects\\HouseWorkAPP\\entry\\build\\default\\intermediates\\res\\default\\resources\\base\\media\\ic_public_ok.png","type":"file","isSymbolicLink":false,"fileMetaData":{"size":269,"lastModifiedTime":1702366949755}},{"hashValue":"014cf817f38ae19bcbc68db53ad012cc","name":"ic_public_sift.png","path":"E:\\DevEcoStudioProjects\\HouseWorkAPP\\entry\\build\\default\\intermediates\\res\\default\\resources\\base\\media\\ic_public_sift.png","type":"file","isSymbolicLink":false,"fileMetaData":{"size":342,"lastModifiedTime":1702367121516}},{"hashValue":"e6892ff0aab2b3a6e1de389f745de50e","name":"ic_screenshot_circle.png","path":"E:\\DevEcoStudioProjects\\HouseWorkAPP\\entry\\build\\default\\intermediates\\res\\default\\resources\\base\\media\\ic_screenshot_circle.png","type":"file","isSymbolicLink":false,"fileMetaData":{"size":411,"lastModifiedTime":1702613167310}},{"hashValue":"dc52ca8bf4358dcc225b5875e2ac1255","name":"ic_smile.png","path":"E:\\DevEcoStudioProjects\\HouseWorkAPP\\entry\\build\\default\\intermediates\\res\\default\\resources\\base\\media\\ic_smile.png","type":"file","isSymbolicLink":false,"fileMetaData":{"size":29333,"lastModifiedTime":1687859236000}},{"hashValue":"dd205dbf6e898201eaa89cd3dcc162c7","name":"ic_watermelon.png","path":"E:\\DevEcoStudioProjects\\HouseWorkAPP\\entry\\build\\default\\intermediates\\res\\default\\resources\\base\\media\\ic_watermelon.png","type":"file","isSymbolicLink":false,"fileMetaData":{"size":24080,"lastModifiedTime":1687859236000}},{"hashValue":"6b7fb5f5b0128ea9a0410beee072798a","name":"icon.png","path":"E:\\DevEcoStudioProjects\\HouseWorkAPP\\entry\\build\\default\\intermediates\\res\\default\\resources\\base\\media\\icon.png","type":"file","isSymbolicLink":false,"fileMetaData":{"size":6790,"lastModifiedTime":1702008033748}},{"hashValue":"dad3314683f0de57a484bf98291296fa","name":"refresh.png","path":"E:\\DevEcoStudioProjects\\HouseWorkAPP\\entry\\build\\default\\intermediates\\res\\default\\resources\\base\\media\\refresh.png","type":"file","isSymbolicLink":false,"fileMetaData":{"size":413,"lastModifiedTime":1700724996647}},{"hashValue":"c8d863f123249ed30271c816dc001c6d","name":"task_finished.png","path":"E:\\DevEcoStudioProjects\\HouseWorkAPP\\entry\\build\\default\\intermediates\\res\\default\\resources\\base\\media\\task_finished.png","type":"file","isSymbolicLink":false,"fileMetaData":{"size":763,"lastModifiedTime":1702628140285}}]},{"hashValue":"f69514517143ee1dfeabe659587eb680","name":"profile","path":"E:\\DevEcoStudioProjects\\HouseWorkAPP\\entry\\build\\default\\intermediates\\res\\default\\resources\\base\\profile","type":"directory","isSymbolicLink":false,"children":[{"hashValue":"155de674335ab5a7e380a6e79a43aeba","name":"main_pages.json","path":"E:\\DevEcoStudioProjects\\HouseWorkAPP\\entry\\build\\default\\intermediates\\res\\default\\resources\\base\\profile\\main_pages.json","type":"file","isSymbolicLink":false,"fileMetaData":{"size":110,"lastModifiedTime":1702638282173}}]}]},{"hashValue":"","name":"rawfile","path":"E:\\DevEcoStudioProjects\\HouseWorkAPP\\entry\\build\\default\\intermediates\\res\\default\\resources\\rawfile","type":"directory","isSymbolicLink":false,"children":[]}]},{"hashValue":"1825119b6c0d2fc162607c08b5fcef88","name":"resources.index","path":"E:\\DevEcoStudioProjects\\HouseWorkAPP\\entry\\build\\default\\intermediates\\res\\default\\resources.index","type":"file","isSymbolicLink":false,"fileMetaData":{"size":5958,"lastModifiedTime":1702658117691}},{"hashValue":"9bcbe97eb0019d5d22b6801d994d4c82","name":"ResourceTable.txt","path":"E:\\DevEcoStudioProjects\\HouseWorkAPP\\entry\\build\\default\\intermediates\\res\\default\\ResourceTable.txt","type":"file","isSymbolicLink":false,"fileMetaData":{"size":2681,"lastModifiedTime":1702658117689}}]},"E:\\DevEcoStudioProjects\\HouseWorkAPP\\entry\\build\\default\\generated\\r\\default\\ResourceTable.h":{"hashValue":"b2be0c37ce6c9fb0288fb252e51e1a96","name":"ResourceTable.h","path":"E:\\DevEcoStudioProjects\\HouseWorkAPP\\entry\\build\\default\\generated\\r\\default\\ResourceTable.h","type":"file","isSymbolicLink":false,"fileMetaData":{"size":4849,"lastModifiedTime":1702658117688}},"E:\\DevEcoStudioProjects\\HouseWorkAPP\\entry\\build\\default\\generated\\r\\default":{"hashValue":"d52c0e547c43db5e775661ce9e87e635","name":"default","path":"E:\\DevEcoStudioProjects\\HouseWorkAPP\\entry\\build\\default\\generated\\r\\default","type":"directory","isSymbolicLink":false,"children":[{"hashValue":"b2be0c37ce6c9fb0288fb252e51e1a96","name":"ResourceTable.h","path":"E:\\DevEcoStudioProjects\\HouseWorkAPP\\entry\\build\\default\\generated\\r\\default\\ResourceTable.h","type":"file","isSymbolicLink":false,"fileMetaData":{"size":4849,"lastModifiedTime":1702658117688}}]},"E:\\DevEcoStudioProjects\\HouseWorkAPP\\entry\\build\\default\\intermediates\\loader\\default":{"hashValue":"aab02d45f75b8f2cd4717e609be68cf7","name":"default","path":"E:\\DevEcoStudioProjects\\HouseWorkAPP\\entry\\build\\default\\intermediates\\loader\\default","type":"directory","isSymbolicLink":false,"children":[{"hashValue":"fd7da600e547fd28c73fd68641d678fc","name":"loader.json","path":"E:\\DevEcoStudioProjects\\HouseWorkAPP\\entry\\build\\default\\intermediates\\loader\\default\\loader.json","type":"file","isSymbolicLink":false,"fileMetaData":{"size":360,"lastModifiedTime":1702655642497}}]},"E:\\DevEcoStudioProjects\\HouseWorkAPP\\entry\\build\\default\\intermediates\\res\\default\\ResourceTable.txt":{"hashValue":"9bcbe97eb0019d5d22b6801d994d4c82","name":"ResourceTable.txt","path":"E:\\DevEcoStudioProjects\\HouseWorkAPP\\entry\\build\\default\\intermediates\\res\\default\\ResourceTable.txt","type":"file","isSymbolicLink":false,"fileMetaData":{"size":2681,"lastModifiedTime":1702658117689}},"E:\\DevEcoStudioProjects\\HouseWorkAPP\\entry\\build\\default\\intermediates\\res\\default\\module.json":{"hashValue":"6d85e11b25d0dbd9cd435077d8f855be","name":"module.json","path":"E:\\DevEcoStudioProjects\\HouseWorkAPP\\entry\\build\\default\\intermediates\\res\\default\\module.json","type":"file","isSymbolicLink":false,"fileMetaData":{"size":2049,"lastModifiedTime":1702658117690}},"E:\\DevEcoStudioProjects\\HouseWorkAPP\\entry\\build\\default\\intermediates\\res\\default\\resources\\base\\profile":{"hashValue":"f69514517143ee1dfeabe659587eb680","name":"profile","path":"E:\\DevEcoStudioProjects\\HouseWorkAPP\\entry\\build\\default\\intermediates\\res\\default\\resources\\base\\profile","type":"directory","isSymbolicLink":false,"children":[{"hashValue":"155de674335ab5a7e380a6e79a43aeba","name":"main_pages.json","path":"E:\\DevEcoStudioProjects\\HouseWorkAPP\\entry\\build\\default\\intermediates\\res\\default\\resources\\base\\profile\\main_pages.json","type":"file","isSymbolicLink":false,"fileMetaData":{"size":110,"lastModifiedTime":1702638282173}}]},"E:\\DevEcoStudioProjects\\HouseWorkAPP\\entry\\build\\default\\intermediates\\loader_out\\default\\ets":{"hashValue":"d5e139caa565521332ffa440abd168b9","name":"ets","path":"E:\\DevEcoStudioProjects\\HouseWorkAPP\\entry\\build\\default\\intermediates\\loader_out\\default\\ets","type":"directory","isSymbolicLink":false,"children":[{"hashValue":"b023fa703860ae3044964a918f354fad","name":"modules.abc","path":"E:\\DevEcoStudioProjects\\HouseWorkAPP\\entry\\build\\default\\intermediates\\loader_out\\default\\ets\\modules.abc","type":"file","isSymbolicLink":false,"fileMetaData":{"size":593972,"lastModifiedTime":1702699418259}},{"hashValue":"0e6950d80b5e73d646d10a91183eb5f3","name":"sourceMaps.map","path":"E:\\DevEcoStudioProjects\\HouseWorkAPP\\entry\\build\\default\\intermediates\\loader_out\\default\\ets\\sourceMaps.map","type":"file","isSymbolicLink":false,"fileMetaData":{"size":617376,"lastModifiedTime":1702699418111}}]},"E:\\DevEcoStudioProjects\\HouseWorkAPP\\entry\\build\\default\\intermediates\\res\\default\\resources":{"hashValue":"119c02d75c13298d77dbdeb1f260600e","name":"resources","path":"E:\\DevEcoStudioProjects\\HouseWorkAPP\\entry\\build\\default\\intermediates\\res\\default\\resources","type":"directory","isSymbolicLink":false,"children":[{"hashValue":"0959d365b10e9704882d6f7fe601755e","name":"base","path":"E:\\DevEcoStudioProjects\\HouseWorkAPP\\entry\\build\\default\\intermediates\\res\\default\\resources\\base","type":"directory","isSymbolicLink":false,"children":[{"hashValue":"85e60daf2f7927dd96316b81b8f22005","name":"media","path":"E:\\DevEcoStudioProjects\\HouseWorkAPP\\entry\\build\\default\\intermediates\\res\\default\\resources\\base\\media","type":"directory","isSymbolicLink":false,"children":[{"hashValue":"05353ece28ea05935aa47a6910dd7405","name":"add_task.png","path":"E:\\DevEcoStudioProjects\\HouseWorkAPP\\entry\\build\\default\\intermediates\\res\\default\\resources\\base\\media\\add_task.png","type":"file","isSymbolicLink":false,"fileMetaData":{"size":822,"lastModifiedTime":1702650574303}},{"hashValue":"17ce57aed652fd12ab3004fc663e718f","name":"Add.png","path":"E:\\DevEcoStudioProjects\\HouseWorkAPP\\entry\\build\\default\\intermediates\\res\\default\\resources\\base\\media\\Add.png","type":"file","isSymbolicLink":false,"fileMetaData":{"size":12916,"lastModifiedTime":1699948168000}},{"hashValue":"19baffa949f144511ecfae0394ec5441","name":"app_icon.png","path":"E:\\DevEcoStudioProjects\\HouseWorkAPP\\entry\\build\\default\\intermediates\\res\\default\\resources\\base\\media\\app_icon.png","type":"file","isSymbolicLink":false,"fileMetaData":{"size":6790,"lastModifiedTime":1702008033091}},{"hashValue":"3a193b2143012d5a5adcf7c6bec9cc36","name":"arrow_down.png","path":"E:\\DevEcoStudioProjects\\HouseWorkAPP\\entry\\build\\default\\intermediates\\res\\default\\resources\\base\\media\\arrow_down.png","type":"file","isSymbolicLink":false,"fileMetaData":{"size":213,"lastModifiedTime":1702612759909}},{"hashValue":"3ae886381f424d8b4a1cdc1cdcc81c15","name":"choujiang.png","path":"E:\\DevEcoStudioProjects\\HouseWorkAPP\\entry\\build\\default\\intermediates\\res\\default\\resources\\base\\media\\choujiang.png","type":"file","isSymbolicLink":false,"fileMetaData":{"size":718,"lastModifiedTime":1702649125279}},{"hashValue":"019d22280820ff379eba72363df99588","name":"curse_right.png","path":"E:\\DevEcoStudioProjects\\HouseWorkAPP\\entry\\build\\default\\intermediates\\res\\default\\resources\\base\\media\\curse_right.png","type":"file","isSymbolicLink":false,"fileMetaData":{"size":256,"lastModifiedTime":1702565946864}},{"hashValue":"fd5653bdb9f063d48c8424173da09098","name":"delete_gray.png","path":"E:\\DevEcoStudioProjects\\HouseWorkAPP\\entry\\build\\default\\intermediates\\res\\default\\resources\\base\\media\\delete_gray.png","type":"file","isSymbolicLink":false,"fileMetaData":{"size":591,"lastModifiedTime":1702628098524}},{"hashValue":"c3bca27864c0053e91b7ffdd987340e5","name":"family.png","path":"E:\\DevEcoStudioProjects\\HouseWorkAPP\\entry\\build\\default\\intermediates\\res\\default\\resources\\base\\media\\family.png","type":"file","isSymbolicLink":false,"fileMetaData":{"size":355,"lastModifiedTime":1702647724656}},{"hashValue":"a07d5814e3584cff0d76059311d9668a","name":"finished.png","path":"E:\\DevEcoStudioProjects\\HouseWorkAPP\\entry\\build\\default\\intermediates\\res\\default\\resources\\base\\media\\finished.png","type":"file","isSymbolicLink":false,"fileMetaData":{"size":280,"lastModifiedTime":1702569289930}},{"hashValue":"776bc0834ce4f639952149196b01872f","name":"flower_gray.png","path":"E:\\DevEcoStudioProjects\\HouseWorkAPP\\entry\\build\\default\\intermediates\\res\\default\\resources\\base\\media\\flower_gray.png","type":"file","isSymbolicLink":false,"fileMetaData":{"size":382,"lastModifiedTime":1702268709572}},{"hashValue":"8c9ed64f69cafe80cb7d6651999fa31e","name":"flower.png","path":"E:\\DevEcoStudioProjects\\HouseWorkAPP\\entry\\build\\default\\intermediates\\res\\default\\resources\\base\\media\\flower.png","type":"file","isSymbolicLink":false,"fileMetaData":{"size":489,"lastModifiedTime":1702268609296}},{"hashValue":"c7fc23c79f8357a870cbcaa752dac18e","name":"home_fill.png","path":"E:\\DevEcoStudioProjects\\HouseWorkAPP\\entry\\build\\default\\intermediates\\res\\default\\resources\\base\\media\\home_fill.png","type":"file","isSymbolicLink":false,"fileMetaData":{"size":376,"lastModifiedTime":1702367262573}},{"hashValue":"d2d2ab812eec45f982c0e8472a327b44","name":"home.png","path":"E:\\DevEcoStudioProjects\\HouseWorkAPP\\entry\\build\\default\\intermediates\\res\\default\\resources\\base\\media\\home.png","type":"file","isSymbolicLink":false,"fileMetaData":{"size":353,"lastModifiedTime":1702367346032}},{"hashValue":"5a2c10312cf81df71f5f2420dad3ed6c","name":"housework.jpg","path":"E:\\DevEcoStudioProjects\\HouseWorkAPP\\entry\\build\\default\\intermediates\\res\\default\\resources\\base\\media\\housework.jpg","type":"file","isSymbolicLink":false,"fileMetaData":{"size":626918,"lastModifiedTime":1702367996817}},{"hashValue":"053bdd5967f51d6641af3c5eaaec2588","name":"ic_background.png","path":"E:\\DevEcoStudioProjects\\HouseWorkAPP\\entry\\build\\default\\intermediates\\res\\default\\resources\\base\\media\\ic_background.png","type":"file","isSymbolicLink":false,"fileMetaData":{"size":98462,"lastModifiedTime":1687859236000}},{"hashValue":"72f6b6932aeeb82f6bbebf662ff746eb","name":"ic_beer.png","path":"E:\\DevEcoStudioProjects\\HouseWorkAPP\\entry\\build\\default\\intermediates\\res\\default\\resources\\base\\media\\ic_beer.png","type":"file","isSymbolicLink":false,"fileMetaData":{"size":34586,"lastModifiedTime":1687859236000}},{"hashValue":"71540f751c9e621903664d32ffdf3452","name":"ic_cake.png","path":"E:\\DevEcoStudioProjects\\HouseWorkAPP\\entry\\build\\default\\intermediates\\res\\default\\resources\\base\\media\\ic_cake.png","type":"file","isSymbolicLink":false,"fileMetaData":{"size":31857,"lastModifiedTime":1687859236000}},{"hashValue":"f16733d8a20a4b271dbbbb3fb8df92b2","name":"ic_center.png","path":"E:\\DevEcoStudioProjects\\HouseWorkAPP\\entry\\build\\default\\intermediates\\res\\default\\resources\\base\\media\\ic_center.png","type":"file","isSymbolicLink":false,"fileMetaData":{"size":19506,"lastModifiedTime":1687859236000}},{"hashValue":"d457f3b9e241f8c9bae9cf82d51acbab","name":"ic_contacts_rcs_list_2.png","path":"E:\\DevEcoStudioProjects\\HouseWorkAPP\\entry\\build\\default\\intermediates\\res\\default\\resources\\base\\media\\ic_contacts_rcs_list_2.png","type":"file","isSymbolicLink":false,"fileMetaData":{"size":253,"lastModifiedTime":1702367034095}},{"hashValue":"164bd129dd2a5b88619e9ea190952f19","name":"ic_contacts_rcs_list.png","path":"E:\\DevEcoStudioProjects\\HouseWorkAPP\\entry\\build\\default\\intermediates\\res\\default\\resources\\base\\media\\ic_contacts_rcs_list.png","type":"file","isSymbolicLink":false,"fileMetaData":{"size":260,"lastModifiedTime":1702367031213}},{"hashValue":"32bd46820a3e3e5e041db2cf7910b5a6","name":"ic_files_size_drive.png","path":"E:\\DevEcoStudioProjects\\HouseWorkAPP\\entry\\build\\default\\intermediates\\res\\default\\resources\\base\\media\\ic_files_size_drive.png","type":"file","isSymbolicLink":false,"fileMetaData":{"size":275,"lastModifiedTime":1702367160296}},{"hashValue":"4fbc612de6fb6fedad6de8b2b145bc0e","name":"ic_hamburg.png","path":"E:\\DevEcoStudioProjects\\HouseWorkAPP\\entry\\build\\default\\intermediates\\res\\default\\resources\\base\\media\\ic_hamburg.png","type":"file","isSymbolicLink":false,"fileMetaData":{"size":34836,"lastModifiedTime":1687859236000}},{"hashValue":"385f247200f350b714fb77cf2a9c9aa5","name":"ic_public_calendar.png","path":"E:\\DevEcoStudioProjects\\HouseWorkAPP\\entry\\build\\default\\intermediates\\res\\default\\resources\\base\\media\\ic_public_calendar.png","type":"file","isSymbolicLink":false,"fileMetaData":{"size":320,"lastModifiedTime":1702367088695}},{"hashValue":"33212a35fa8647b40a0cf9f6a590ec13","name":"ic_public_clock.png","path":"E:\\DevEcoStudioProjects\\HouseWorkAPP\\entry\\build\\default\\intermediates\\res\\default\\resources\\base\\media\\ic_public_clock.png","type":"file","isSymbolicLink":false,"fileMetaData":{"size":482,"lastModifiedTime":1702367095739}},{"hashValue":"b294f1603af7f2a7538653d0df72929c","name":"ic_public_contacts.png","path":"E:\\DevEcoStudioProjects\\HouseWorkAPP\\entry\\build\\default\\intermediates\\res\\default\\resources\\base\\media\\ic_public_contacts.png","type":"file","isSymbolicLink":false,"fileMetaData":{"size":397,"lastModifiedTime":1702367006298}},{"hashValue":"509fc4377aa502537002301cb92c15a6","name":"ic_public_delete.png","path":"E:\\DevEcoStudioProjects\\HouseWorkAPP\\entry\\build\\default\\intermediates\\res\\default\\resources\\base\\media\\ic_public_delete.png","type":"file","isSymbolicLink":false,"fileMetaData":{"size":395,"lastModifiedTime":1702366920432}},{"hashValue":"6625e65411c40ef7fc75bfc77c3bbe26","name":"ic_public_input_search.png","path":"E:\\DevEcoStudioProjects\\HouseWorkAPP\\entry\\build\\default\\intermediates\\res\\default\\resources\\base\\media\\ic_public_input_search.png","type":"file","isSymbolicLink":false,"fileMetaData":{"size":388,"lastModifiedTime":1702366937386}},{"hashValue":"62347330754ec741a580628ea91bdf3a","name":"ic_public_ok.png","path":"E:\\DevEcoStudioProjects\\HouseWorkAPP\\entry\\build\\default\\intermediates\\res\\default\\resources\\base\\media\\ic_public_ok.png","type":"file","isSymbolicLink":false,"fileMetaData":{"size":269,"lastModifiedTime":1702366949755}},{"hashValue":"014cf817f38ae19bcbc68db53ad012cc","name":"ic_public_sift.png","path":"E:\\DevEcoStudioProjects\\HouseWorkAPP\\entry\\build\\default\\intermediates\\res\\default\\resources\\base\\media\\ic_public_sift.png","type":"file","isSymbolicLink":false,"fileMetaData":{"size":342,"lastModifiedTime":1702367121516}},{"hashValue":"e6892ff0aab2b3a6e1de389f745de50e","name":"ic_screenshot_circle.png","path":"E:\\DevEcoStudioProjects\\HouseWorkAPP\\entry\\build\\default\\intermediates\\res\\default\\resources\\base\\media\\ic_screenshot_circle.png","type":"file","isSymbolicLink":false,"fileMetaData":{"size":411,"lastModifiedTime":1702613167310}},{"hashValue":"dc52ca8bf4358dcc225b5875e2ac1255","name":"ic_smile.png","path":"E:\\DevEcoStudioProjects\\HouseWorkAPP\\entry\\build\\default\\intermediates\\res\\default\\resources\\base\\media\\ic_smile.png","type":"file","isSymbolicLink":false,"fileMetaData":{"size":29333,"lastModifiedTime":1687859236000}},{"hashValue":"dd205dbf6e898201eaa89cd3dcc162c7","name":"ic_watermelon.png","path":"E:\\DevEcoStudioProjects\\HouseWorkAPP\\entry\\build\\default\\intermediates\\res\\default\\resources\\base\\media\\ic_watermelon.png","type":"file","isSymbolicLink":false,"fileMetaData":{"size":24080,"lastModifiedTime":1687859236000}},{"hashValue":"6b7fb5f5b0128ea9a0410beee072798a","name":"icon.png","path":"E:\\DevEcoStudioProjects\\HouseWorkAPP\\entry\\build\\default\\intermediates\\res\\default\\resources\\base\\media\\icon.png","type":"file","isSymbolicLink":false,"fileMetaData":{"size":6790,"lastModifiedTime":1702008033748}},{"hashValue":"dad3314683f0de57a484bf98291296fa","name":"refresh.png","path":"E:\\DevEcoStudioProjects\\HouseWorkAPP\\entry\\build\\default\\intermediates\\res\\default\\resources\\base\\media\\refresh.png","type":"file","isSymbolicLink":false,"fileMetaData":{"size":413,"lastModifiedTime":1700724996647}},{"hashValue":"c8d863f123249ed30271c816dc001c6d","name":"task_finished.png","path":"E:\\DevEcoStudioProjects\\HouseWorkAPP\\entry\\build\\default\\intermediates\\res\\default\\resources\\base\\media\\task_finished.png","type":"file","isSymbolicLink":false,"fileMetaData":{"size":763,"lastModifiedTime":1702628140285}}]},{"hashValue":"f69514517143ee1dfeabe659587eb680","name":"profile","path":"E:\\DevEcoStudioProjects\\HouseWorkAPP\\entry\\build\\default\\intermediates\\res\\default\\resources\\base\\profile","type":"directory","isSymbolicLink":false,"children":[{"hashValue":"155de674335ab5a7e380a6e79a43aeba","name":"main_pages.json","path":"E:\\DevEcoStudioProjects\\HouseWorkAPP\\entry\\build\\default\\intermediates\\res\\default\\resources\\base\\profile\\main_pages.json","type":"file","isSymbolicLink":false,"fileMetaData":{"size":110,"lastModifiedTime":1702638282173}}]}]},{"hashValue":"","name":"rawfile","path":"E:\\DevEcoStudioProjects\\HouseWorkAPP\\entry\\build\\default\\intermediates\\res\\default\\resources\\rawfile","type":"directory","isSymbolicLink":false,"children":[]}]},"E:\\DevEcoStudioProjects\\HouseWorkAPP\\entry\\build\\default\\intermediates\\res\\default\\resources.index":{"hashValue":"1825119b6c0d2fc162607c08b5fcef88","name":"resources.index","path":"E:\\DevEcoStudioProjects\\HouseWorkAPP\\entry\\build\\default\\intermediates\\res\\default\\resources.index","type":"file","isSymbolicLink":false,"fileMetaData":{"size":5958,"lastModifiedTime":1702658117691}},"E:\\DevEcoStudioProjects\\HouseWorkAPP\\entry\\build\\default\\outputs\\default\\entry-default-unsigned.hap":{"hashValue":"fdd2f956ac88d746289fad7096de81c6","name":"entry-default-unsigned.hap","path":"E:\\DevEcoStudioProjects\\HouseWorkAPP\\entry\\build\\default\\outputs\\default\\entry-default-unsigned.hap","type":"file","isSymbolicLink":false,"fileMetaData":{"size":2161786,"lastModifiedTime":1702699418868}},"{\"commandList\":[\"E:\\\\Huawei\\\\Sdk\\\\openharmony\\\\9\\\\toolchains\\\\restool.exe\",\"-m\",\"entry\",\"-f\",\"-j\",\"E:\\\\DevEcoStudioProjects\\\\HouseWorkAPP\\\\entry\\\\.preview\\\\default\\\\intermediates\\\\process_profile\\\\default\\\\module.json\",\"-p\",\"com.example.houseworkapp\",\"-o\",\"E:\\\\DevEcoStudioProjects\\\\HouseWorkAPP\\\\entry\\\\.preview\\\\default\\\\intermediates\\\\res\\\\default\",\"-r\",\"E:\\\\DevEcoStudioProjects\\\\HouseWorkAPP\\\\entry\\\\.preview\\\\default\\\\generated\\\\r\\\\default\\\\ResourceTable.h\"],\"inputFiles\":{\"_group\":{}},\"outputFiles\":{\"_group\":{}},\"existsResourceDir\":true,\"restoolLinkParamObj\":{\"appScopeResources\":\"E:\\\\DevEcoStudioProjects\\\\HouseWorkAPP\\\\AppScope\\\\resources\",\"moduleResourcesMap\":{},\"harResourcesMap\":{},\"outputPath\":\"E:\\\\DevEcoStudioProjects\\\\HouseWorkAPP\\\\entry\\\\.preview\\\\default\\\\intermediates\\\\res\\\\default\",\"linkCommand\":[\"E:\\\\Huawei\\\\Sdk\\\\openharmony\\\\9\\\\toolchains\\\\restool.exe\",\"-m\",\"entry\",\"-f\",\"-j\",\"E:\\\\DevEcoStudioProjects\\\\HouseWorkAPP\\\\entry\\\\.preview\\\\default\\\\intermediates\\\\process_profile\\\\default\\\\module.json\",\"-p\",\"com.example.houseworkapp\",\"-r\",\"E:\\\\DevEcoStudioProjects\\\\HouseWorkAPP\\\\entry\\\\.preview\\\\default\\\\generated\\\\r\\\\default\\\\ResourceTable.h\",\"-z\"]}}":{"hashValue":"","name":"emptyroot","path":"","type":"unknown","isSymbolicLink":false,"children":[]},"E:\\DevEcoStudioProjects\\HouseWorkAPP\\entry\\.preview\\default\\intermediates\\loader_out\\default\\ets":{"hashValue":"","name":"emptyroot","path":"","type":"unknown","isSymbolicLink":false,"children":[]},"E:\\DevEcoStudioProjects\\HouseWorkAPP\\entry\\build\\default\\intermediates\\loader_out\\default\\js":{"hashValue":"","name":"emptyroot","path":"","type":"unknown","isSymbolicLink":false,"children":[]},"E:\\DevEcoStudioProjects\\HouseWorkAPP\\entry\\build\\default\\outputs\\default\\entry-default-signed.hap":{"hashValue":"","name":"emptyroot","path":"","type":"unknown","isSymbolicLink":false,"children":[]}}