{":HouseWorkAPP:entry:default@PreBuild":{"_inputs":[{"dataType":"ValueEntry","value":"{\"_name\":\"BUILTIN_TASK_COMMAND\",\"_value\":\"\",\"_valueType\":\"string\",\"_hash\":\"0b5d05294fdf4e78e8482ef53eb64ac0\"}"},{"dataType":"ValueEntry","value":"{\"_name\":\"BUILTIN_TASK_ENV\",\"_value\":\"\",\"_valueType\":\"string\",\"_hash\":\"cdcdc2ec8062ca9ec1de46dbf2bbc053\"}"},{"dataType":"ValueEntry","value":"{\"_name\":\"BUILTIN_TASK_TOOLCHAIN\",\"_value\":\"\",\"_valueType\":\"string\",\"_hash\":\"e7f94a9422a8bc317a7d90b58efcb5f6\"}"},{"dataType":"ValueEntry","value":"{\"_name\":\"apiType\",\"_value\":\"stageMode\",\"_valueType\":\"string\",\"_hash\":\"699c7565645ea3ea8c88551a4926a3d5\"}"},{"dataType":"ValueEntry","value":"{\"_name\":\"codeType\",\"_value\":true,\"_valueType\":\"boolean\",\"_hash\":\"d6dcf21a9f078b661283507536e57ce8\"}"},{"dataType":"ValueEntry","value":"{\"_name\":\"compatibleApiVersion\",\"_value\":9,\"_valueType\":\"number\",\"_hash\":\"8f14da7cda665d5f6676adf8a127634f\"}"},{"dataType":"ValueEntry","value":"{\"_name\":\"compileApiVersion\",\"_value\":9,\"_valueType\":\"number\",\"_hash\":\"cdd5413832c7470f85f225c67a87a683\"}"},{"dataType":"ValueEntry","value":"{\"_name\":\"deviceType\",\"_value\":[\"phone\",\"tablet\"],\"_valueType\":\"object\",\"_hash\":\"6b8c09abb74b3d778d7ce1bc1efb26ef\"}"},{"dataType":"ValueEntry","value":"{\"_name\":\"isSupportOhpmProj\",\"_value\":true,\"_valueType\":\"boolean\",\"_hash\":\"f3a249d7e3f751316e931b8a08b074b4\"}"},{"dataType":"ValueEntry","value":"{\"_name\":\"profileModuleName\",\"_value\":\"entry\",\"_valueType\":\"string\",\"_hash\":\"b174ea6ff5824844dde5ad92f6b3ef2b\"}"},{"dataType":"ValueEntry","value":"{\"_name\":\"sdkToolchainsComponentVersion\",\"_value\":\"3.2.12.5\",\"_valueType\":\"string\",\"_hash\":\"cc722e03b3384cc9b37c649e4134fc99\"}"},{"dataType":"ValueEntry","value":"{\"_name\":\"targetStatusCode\",\"_value\":2,\"_valueType\":\"number\",\"_hash\":\"5a9255c0f4ee50904a9349ebafca8369\"}"}],"_successful":true,"_projectName":"HouseWorkAPP","_moduleName":"entry","_taskName":"default@PreBuild","_key":":HouseWorkAPP:entry:default@PreBuild","_executionId":":HouseWorkAPP:entry:default@PreBuild:1702088983710","_inputFiles":{"dataType":"Map","value":[["E:\\DevEcoStudioProjects\\HouseWorkAPP\\AppScope\\app.json5",{"isDirectory":false,"fileSnapShotHashValue":"a2be0dd7861a6a7f37f29677d5395c77"}],["E:\\DevEcoStudioProjects\\HouseWorkAPP\\entry\\src\\main\\module.json5",{"isDirectory":false,"fileSnapShotHashValue":"c44d4a235e1acae8d69795be5e52c7ac"}]]},"_outputFiles":{"dataType":"Map","value":[]}},":HouseWorkAPP:entry:default@MergeProfile":{"_inputs":[{"dataType":"ValueEntry","value":"{\"_name\":\"BUILTIN_TASK_COMMAND\",\"_value\":\"\",\"_valueType\":\"string\",\"_hash\":\"0b5d05294fdf4e78e8482ef53eb64ac0\"}"},{"dataType":"ValueEntry","value":"{\"_name\":\"BUILTIN_TASK_ENV\",\"_value\":\"\",\"_valueType\":\"string\",\"_hash\":\"cdcdc2ec8062ca9ec1de46dbf2bbc053\"}"},{"dataType":"ValueEntry","value":"{\"_name\":\"BUILTIN_TASK_TOOLCHAIN\",\"_value\":\"\",\"_valueType\":\"string\",\"_hash\":\"e7f94a9422a8bc317a7d90b58efcb5f6\"}"},{"dataType":"ValueEntry","value":"{\"_name\":\"asanEnable\",\"_value\":false,\"_valueType\":\"boolean\",\"_hash\":\"bc2129ba20a21b7e5234139ede1b4d7b\"}"},{"dataType":"ValueEntry","value":"{\"_name\":\"buildRoot\",\"_value\":\"build\",\"_valueType\":\"string\",\"_hash\":\"4c2dd7bb7507f74001ec27f2936db7f9\"}"},{"dataType":"ValueEntry","value":"{\"_name\":\"compatibleSdkVersion\",\"_value\":9,\"_valueType\":\"number\",\"_hash\":\"789a8631987a2e2b1a03b001c78d0180\"}"},{"dataType":"ValueEntry","value":"{\"_name\":\"isDebug\",\"_value\":true,\"_valueType\":\"boolean\",\"_hash\":\"edbf05a2d2be2c385e75d9565a48d419\"}"},{"dataType":"ValueEntry","value":"{\"_name\":\"isHarModule\",\"_value\":false,\"_valueType\":\"boolean\",\"_hash\":\"a15b7a3ed818faa99a4a10d67f52cb72\"}"},{"dataType":"ValueEntry","value":"{\"_name\":\"multiProjects\",\"_value\":false,\"_valueType\":\"boolean\",\"_hash\":\"555604752defc243b4e4c55d1549fc06\"}"},{"dataType":"ValueEntry","value":"{\"_name\":\"releaseType\",\"_value\":\"Release\",\"_valueType\":\"string\",\"_hash\":\"bbcabdda034e97584f8c36f85b3ec517\"}"},{"dataType":"ValueEntry","value":"{\"_name\":\"targetSdkVersion\",\"_value\":9,\"_valueType\":\"number\",\"_hash\":\"09b2bdc967d8b97f7b9bf4f19735497e\"}"}],"_successful":true,"_projectName":"HouseWorkAPP","_moduleName":"entry","_taskName":"default@MergeProfile","_key":":HouseWorkAPP:entry:default@MergeProfile","_executionId":":HouseWorkAPP:entry:default@MergeProfile:1702655642488","_inputFiles":{"dataType":"Map","value":[["E:\\DevEcoStudioProjects\\HouseWorkAPP\\AppScope\\app.json5",{"fileSnapShotHashValue":"a2be0dd7861a6a7f37f29677d5395c77"}],["E:\\DevEcoStudioProjects\\HouseWorkAPP\\entry\\src\\main\\module.json5",{"fileSnapShotHashValue":"c44d4a235e1acae8d69795be5e52c7ac"}]]},"_outputFiles":{"dataType":"Map","value":[["E:\\DevEcoStudioProjects\\HouseWorkAPP\\entry\\build\\default\\intermediates\\merge_profile\\default\\module.json",{"fileSnapShotHashValue":"7bbc4e75686d3314f7d50d8798399459"}]]}},":HouseWorkAPP:entry:default@GenerateLoaderJson":{"_inputs":[{"dataType":"ValueEntry","value":"{\"_name\":\"BUILTIN_TASK_COMMAND\",\"_value\":\"\",\"_valueType\":\"string\",\"_hash\":\"0b5d05294fdf4e78e8482ef53eb64ac0\"}"},{"dataType":"ValueEntry","value":"{\"_name\":\"BUILTIN_TASK_ENV\",\"_value\":\"\",\"_valueType\":\"string\",\"_hash\":\"cdcdc2ec8062ca9ec1de46dbf2bbc053\"}"},{"dataType":"ValueEntry","value":"{\"_name\":\"BUILTIN_TASK_TOOLCHAIN\",\"_value\":\"\",\"_valueType\":\"string\",\"_hash\":\"e7f94a9422a8bc317a7d90b58efcb5f6\"}"},{"dataType":"ValueEntry","value":"{\"_name\":\"aotCompileMode\",\"_value\":\"\",\"_valueType\":\"string\",\"_hash\":\"31b66e9c596cc61cb06cdecc08aaeb6c\"}"},{"dataType":"ValueEntry","value":"{\"_name\":\"apPath\",\"_value\":\"\",\"_valueType\":\"string\",\"_hash\":\"dabe59b8be9f1396c43dc319521a0027\"}"},{"dataType":"ValueEntry","value":"{\"_name\":\"compileMode\",\"_value\":\"esmodule\",\"_valueType\":\"string\",\"_hash\":\"dacafc8e0b77a950178a0b4d142dc32c\"}"},{"dataType":"ValueEntry","value":"{\"_name\":\"harNameOhmMap\",\"_value\":\"{}\",\"_valueType\":\"string\",\"_hash\":\"0faf006bccbcdc2c7f04ff2d8c87894f\"}"},{"dataType":"ValueEntry","value":"{\"_name\":\"modulePathMap\",\"_value\":\"{\\\"entry\\\":\\\"E:\\\\\\\\DevEcoStudioProjects\\\\\\\\HouseWorkAPP\\\\\\\\entry\\\"}\",\"_valueType\":\"string\",\"_hash\":\"63965868c130ebcb5a17da1ab53188b7\"}"},{"dataType":"ValueEntry","value":"{\"_name\":\"nodeModulesPath\",\"_value\":\"E:\\\\DevEcoStudioProjects\\\\HouseWorkAPP\\\\entry\\\\build\\\\default\\\\intermediates\\\\loader_out\\\\default\\\\node_modules\",\"_valueType\":\"string\",\"_hash\":\"c7d3093ede89b681575922e00e87e817\"}"},{"dataType":"ValueEntry","value":"{\"_name\":\"projectRootPath\",\"_value\":\"E:\\\\DevEcoStudioProjects\\\\HouseWorkAPP\",\"_valueType\":\"string\",\"_hash\":\"2a5969036fed9c022bd5a00313fb8ade\"}"},{"dataType":"ValueEntry","value":"{\"_name\":\"targetConfig\",\"_value\":\"{\\\"name\\\":\\\"default\\\",\\\"runtimeOS\\\":\\\"HarmonyOS\\\"}\",\"_valueType\":\"string\",\"_hash\":\"96bcd83382fb082c731eedf7bc0cf1dc\"}"}],"_successful":true,"_projectName":"HouseWorkAPP","_moduleName":"entry","_taskName":"default@GenerateLoaderJson","_key":":HouseWorkAPP:entry:default@GenerateLoaderJson","_executionId":":HouseWorkAPP:entry:default@GenerateLoaderJson:1702655642493","_inputFiles":{"dataType":"Map","value":[]},"_outputFiles":{"dataType":"Map","value":[["E:\\DevEcoStudioProjects\\HouseWorkAPP\\entry\\build\\default\\intermediates\\loader\\default\\loader.json",{"isDirectory":false,"fileSnapShotHashValue":"fd7da600e547fd28c73fd68641d678fc"}]]}},":HouseWorkAPP:entry:default@ProcessProfile":{"_inputs":[{"dataType":"ValueEntry","value":"{\"_name\":\"BUILTIN_TASK_COMMAND\",\"_value\":\"\",\"_valueType\":\"string\",\"_hash\":\"0b5d05294fdf4e78e8482ef53eb64ac0\"}"},{"dataType":"ValueEntry","value":"{\"_name\":\"BUILTIN_TASK_ENV\",\"_value\":\"\",\"_valueType\":\"string\",\"_hash\":\"cdcdc2ec8062ca9ec1de46dbf2bbc053\"}"},{"dataType":"ValueEntry","value":"{\"_name\":\"BUILTIN_TASK_TOOLCHAIN\",\"_value\":\"\",\"_valueType\":\"string\",\"_hash\":\"e7f94a9422a8bc317a7d90b58efcb5f6\"}"},{"dataType":"ValueEntry","value":"{\"_name\":\"arkEnable\",\"_value\":true,\"_valueType\":\"boolean\",\"_hash\":\"750b4bda198545a67903dfb3f6a00a95\"}"},{"dataType":"ValueEntry","value":"{\"_name\":\"compileMode\",\"_value\":\"esmodule\",\"_valueType\":\"string\",\"_hash\":\"dacafc8e0b77a950178a0b4d142dc32c\"}"},{"dataType":"ValueEntry","value":"{\"_name\":\"dependency\",\"_value\":\"[]\",\"_valueType\":\"string\",\"_hash\":\"ac54f3d4ced2d4c1d666d40e4f7c454a\"}"},{"dataType":"ValueEntry","value":"{\"_name\":\"deviceTypes\",\"_value\":[\"phone\",\"tablet\"],\"_valueType\":\"object\",\"_hash\":\"c166d88837153e59136adb6a4b649962\"}"}],"_successful":true,"_projectName":"HouseWorkAPP","_moduleName":"entry","_taskName":"default@ProcessProfile","_key":":HouseWorkAPP:entry:default@ProcessProfile","_executionId":":HouseWorkAPP:entry:default@ProcessProfile:1702655642504","_inputFiles":{"dataType":"Map","value":[["E:\\DevEcoStudioProjects\\HouseWorkAPP\\entry\\build\\default\\intermediates\\merge_profile\\default\\module.json",{"fileSnapShotHashValue":"7bbc4e75686d3314f7d50d8798399459"}]]},"_outputFiles":{"dataType":"Map","value":[["E:\\DevEcoStudioProjects\\HouseWorkAPP\\entry\\build\\default\\intermediates\\process_profile\\default\\module.json",{"fileSnapShotHashValue":"8734cd70d6055d2a7d2855e18090d80b"}]]}},":HouseWorkAPP:entry:default@PreviewProcessResource":{"_inputs":[{"dataType":"ValueEntry","value":"{\"_name\":\"previewCompileResourcesCommand\",\"_value\":\"{\\\"commandList\\\":[\\\"E:\\\\\\\\Huawei\\\\\\\\Sdk\\\\\\\\openharmony\\\\\\\\9\\\\\\\\toolchains\\\\\\\\restool.exe\\\",\\\"-m\\\",\\\"entry\\\",\\\"-f\\\",\\\"-j\\\",\\\"E:\\\\\\\\DevEcoStudioProjects\\\\\\\\HouseWorkAPP\\\\\\\\entry\\\\\\\\.preview\\\\\\\\default\\\\\\\\intermediates\\\\\\\\process_profile\\\\\\\\default\\\\\\\\module.json\\\",\\\"-p\\\",\\\"com.example.houseworkapp\\\",\\\"-o\\\",\\\"E:\\\\\\\\DevEcoStudioProjects\\\\\\\\HouseWorkAPP\\\\\\\\entry\\\\\\\\.preview\\\\\\\\default\\\\\\\\intermediates\\\\\\\\res\\\\\\\\default\\\",\\\"-r\\\",\\\"E:\\\\\\\\DevEcoStudioProjects\\\\\\\\HouseWorkAPP\\\\\\\\entry\\\\\\\\.preview\\\\\\\\default\\\\\\\\generated\\\\\\\\r\\\\\\\\default\\\\\\\\ResourceTable.h\\\"],\\\"inputFiles\\\":{\\\"_group\\\":{}},\\\"outputFiles\\\":{\\\"_group\\\":{}},\\\"existsResourceDir\\\":true,\\\"restoolLinkParamObj\\\":{\\\"appScopeResources\\\":\\\"E:\\\\\\\\DevEcoStudioProjects\\\\\\\\HouseWorkAPP\\\\\\\\AppScope\\\\\\\\resources\\\",\\\"moduleResourcesMap\\\":{},\\\"harResourcesMap\\\":{},\\\"outputPath\\\":\\\"E:\\\\\\\\DevEcoStudioProjects\\\\\\\\HouseWorkAPP\\\\\\\\entry\\\\\\\\.preview\\\\\\\\default\\\\\\\\intermediates\\\\\\\\res\\\\\\\\default\\\",\\\"linkCommand\\\":[\\\"E:\\\\\\\\Huawei\\\\\\\\Sdk\\\\\\\\openharmony\\\\\\\\9\\\\\\\\toolchains\\\\\\\\restool.exe\\\",\\\"-m\\\",\\\"entry\\\",\\\"-f\\\",\\\"-j\\\",\\\"E:\\\\\\\\DevEcoStudioProjects\\\\\\\\HouseWorkAPP\\\\\\\\entry\\\\\\\\.preview\\\\\\\\default\\\\\\\\intermediates\\\\\\\\process_profile\\\\\\\\default\\\\\\\\module.json\\\",\\\"-p\\\",\\\"com.example.houseworkapp\\\",\\\"-r\\\",\\\"E:\\\\\\\\DevEcoStudioProjects\\\\\\\\HouseWorkAPP\\\\\\\\entry\\\\\\\\.preview\\\\\\\\default\\\\\\\\generated\\\\\\\\r\\\\\\\\default\\\\\\\\ResourceTable.h\\\",\\\"-z\\\"]}}\",\"_valueType\":\"string\"}"},{"dataType":"ValueEntry","value":"{\"_name\":\"BUILTIN_TASK_COMMAND\",\"_value\":\"\",\"_valueType\":\"string\"}"},{"dataType":"ValueEntry","value":"{\"_name\":\"BUILTIN_TASK_TOOLCHAIN\",\"_value\":\"\",\"_valueType\":\"string\"}"},{"dataType":"ValueEntry","value":"{\"_name\":\"BUILTIN_TASK_ENV\",\"_value\":\"\",\"_valueType\":\"string\"}"}],"_successful":true,"_projectName":"HouseWorkAPP","_moduleName":"entry","_taskName":"default@PreviewProcessResource","_key":":HouseWorkAPP:entry:default@PreviewProcessResource","_executionId":":HouseWorkAPP:entry:default@PreviewProcessResource:1702655496411","_inputFiles":{"dataType":"Map","value":[]},"_outputFiles":{"dataType":"Map","value":[["{\"commandList\":[\"E:\\\\Huawei\\\\Sdk\\\\openharmony\\\\9\\\\toolchains\\\\restool.exe\",\"-m\",\"entry\",\"-f\",\"-j\",\"E:\\\\DevEcoStudioProjects\\\\HouseWorkAPP\\\\entry\\\\.preview\\\\default\\\\intermediates\\\\process_profile\\\\default\\\\module.json\",\"-p\",\"com.example.houseworkapp\",\"-o\",\"E:\\\\DevEcoStudioProjects\\\\HouseWorkAPP\\\\entry\\\\.preview\\\\default\\\\intermediates\\\\res\\\\default\",\"-r\",\"E:\\\\DevEcoStudioProjects\\\\HouseWorkAPP\\\\entry\\\\.preview\\\\default\\\\generated\\\\r\\\\default\\\\ResourceTable.h\"],\"inputFiles\":{\"_group\":{}},\"outputFiles\":{\"_group\":{}},\"existsResourceDir\":true,\"restoolLinkParamObj\":{\"appScopeResources\":\"E:\\\\DevEcoStudioProjects\\\\HouseWorkAPP\\\\AppScope\\\\resources\",\"moduleResourcesMap\":{},\"harResourcesMap\":{},\"outputPath\":\"E:\\\\DevEcoStudioProjects\\\\HouseWorkAPP\\\\entry\\\\.preview\\\\default\\\\intermediates\\\\res\\\\default\",\"linkCommand\":[\"E:\\\\Huawei\\\\Sdk\\\\openharmony\\\\9\\\\toolchains\\\\restool.exe\",\"-m\",\"entry\",\"-f\",\"-j\",\"E:\\\\DevEcoStudioProjects\\\\HouseWorkAPP\\\\entry\\\\.preview\\\\default\\\\intermediates\\\\process_profile\\\\default\\\\module.json\",\"-p\",\"com.example.houseworkapp\",\"-r\",\"E:\\\\DevEcoStudioProjects\\\\HouseWorkAPP\\\\entry\\\\.preview\\\\default\\\\generated\\\\r\\\\default\\\\ResourceTable.h\",\"-z\"]}}",{"isDirectory":false,"fileSnapShotHashValue":""}]]}},":HouseWorkAPP:entry:default@PreviewCompileResource":{"_inputs":[{"dataType":"ValueEntry","value":"{\"_name\":\"PREVIEWER_REPLACE_PAGE\",\"_valueType\":\"undefined\"}"},{"dataType":"ValueEntry","value":"{\"_name\":\"PREVIEWER_REPLACE_SRCPATH\",\"_valueType\":\"undefined\"}"},{"dataType":"ValueEntry","value":"{\"_name\":\"TARGET_CONFIG\",\"_value\":\"{\\\"name\\\":\\\"default\\\",\\\"runtimeOS\\\":\\\"HarmonyOS\\\"}\",\"_valueType\":\"string\"}"},{"dataType":"ValueEntry","value":"{\"_name\":\"BUILTIN_TASK_COMMAND\",\"_value\":\"\",\"_valueType\":\"string\"}"},{"dataType":"ValueEntry","value":"{\"_name\":\"BUILTIN_TASK_TOOLCHAIN\",\"_value\":\"E:\\\\Huawei\\\\Sdk\\\\openharmony\\\\9\\\\toolchains\\\\restool.exe\",\"_valueType\":\"string\"}"},{"dataType":"ValueEntry","value":"{\"_name\":\"BUILTIN_TASK_ENV\",\"_value\":\"\",\"_valueType\":\"string\"}"}],"_successful":true,"_projectName":"HouseWorkAPP","_moduleName":"entry","_taskName":"default@PreviewCompileResource","_key":":HouseWorkAPP:entry:default@PreviewCompileResource","_executionId":":HouseWorkAPP:entry:default@PreviewCompileResource:1702655496420","_inputFiles":{"dataType":"Map","value":[["E:\\DevEcoStudioProjects\\HouseWorkAPP\\entry\\src\\main\\resources",{"fileSnapShotHashValue":"dd0d9beedfe70387d04994f03e95b3e5"}],["E:\\DevEcoStudioProjects\\HouseWorkAPP\\AppScope\\resources",{"fileSnapShotHashValue":"264c46501a37bd52b5268e5e514a0a49"}],["E:\\DevEcoStudioProjects\\HouseWorkAPP\\entry\\.preview\\default\\intermediates\\process_profile\\default\\module.json",{"isDirectory":false,"fileSnapShotHashValue":"4a81cf1e282ae9f20cacfd74247b3365"}]]},"_outputFiles":{"dataType":"Map","value":[["E:\\DevEcoStudioProjects\\HouseWorkAPP\\entry\\.preview\\default\\intermediates\\res\\default",{"isDirectory":true,"fileSnapShotHashValue":"7db58cd35b05111e0681f0654a4ad587"}],["E:\\DevEcoStudioProjects\\HouseWorkAPP\\entry\\.preview\\default\\generated\\r\\default\\ResourceTable.h",{"isDirectory":false,"fileSnapShotHashValue":"5abed2e48720bc66788120f0b6aed43a"}],["E:\\DevEcoStudioProjects\\HouseWorkAPP\\entry\\.preview\\default\\generated\\r\\default",{"isDirectory":true,"fileSnapShotHashValue":"38d02a753dd0a566a6ef9820034e6fcd"}]]}},":HouseWorkAPP:entry:default@PreviewUpdateAssets":{"_inputs":[{"dataType":"ValueEntry","value":"{\"_name\":\"BUILTIN_TASK_COMMAND\",\"_value\":\"\",\"_valueType\":\"string\"}"},{"dataType":"ValueEntry","value":"{\"_name\":\"BUILTIN_TASK_TOOLCHAIN\",\"_value\":\"\",\"_valueType\":\"string\"}"},{"dataType":"ValueEntry","value":"{\"_name\":\"BUILTIN_TASK_ENV\",\"_value\":\"\",\"_valueType\":\"string\"}"}],"_successful":true,"_projectName":"HouseWorkAPP","_moduleName":"entry","_taskName":"default@PreviewUpdateAssets","_key":":HouseWorkAPP:entry:default@PreviewUpdateAssets","_executionId":":HouseWorkAPP:entry:default@PreviewUpdateAssets:1702655496630","_inputFiles":{"dataType":"Map","value":[["E:\\DevEcoStudioProjects\\HouseWorkAPP\\entry\\.preview\\config\\buildConfig.json",{"isDirectory":false,"fileSnapShotHashValue":"40fbefd4b8828b5630224096ba6c5661"}]]},"_outputFiles":{"dataType":"Map","value":[["E:\\DevEcoStudioProjects\\HouseWorkAPP\\entry\\.preview\\default\\intermediates\\res\\default\\module.json",{"isDirectory":false,"fileSnapShotHashValue":"7daeea473f283407e2e38ac38dd90460"}],["E:\\DevEcoStudioProjects\\HouseWorkAPP\\entry\\.preview\\default\\intermediates\\res\\default\\resources\\base\\profile\\main_pages.json",{"isDirectory":false,"fileSnapShotHashValue":"7f9d4d43abd45e77fded449acdfd2f5b"}]]}},":HouseWorkAPP:entry:default@PreviewArkTS":{"_inputs":[{"dataType":"ValueEntry","value":"{\"_name\":\"debuggable\",\"_value\":true,\"_valueType\":\"boolean\"}"},{"dataType":"ValueEntry","value":"{\"_name\":\"isArk\",\"_value\":true,\"_valueType\":\"boolean\"}"},{"dataType":"ValueEntry","value":"{\"_name\":\"needCoverageInsert\",\"_value\":false,\"_valueType\":\"boolean\"}"},{"dataType":"ValueEntry","value":"{\"_name\":\"arkTsWdiget\",\"_value\":false,\"_valueType\":\"boolean\"}"},{"dataType":"ValueEntry","value":"{\"_name\":\"BUILTIN_TASK_COMMAND\",\"_value\":\"\",\"_valueType\":\"string\"}"},{"dataType":"ValueEntry","value":"{\"_name\":\"BUILTIN_TASK_TOOLCHAIN\",\"_value\":\"\",\"_valueType\":\"string\"}"},{"dataType":"ValueEntry","value":"{\"_name\":\"BUILTIN_TASK_ENV\",\"_value\":\"\",\"_valueType\":\"string\"}"}],"_successful":true,"_projectName":"HouseWorkAPP","_moduleName":"entry","_taskName":"default@PreviewArkTS","_key":":HouseWorkAPP:entry:default@PreviewArkTS","_executionId":":HouseWorkAPP:entry:default@PreviewArkTS:1702655496634","_inputFiles":{"dataType":"Map","value":[["E:\\DevEcoStudioProjects\\HouseWorkAPP\\entry\\.preview\\default\\intermediates\\loader\\default",{"isDirectory":true,"fileSnapShotHashValue":"5c4661cef19284b0eda6225b5ac6c14c"}],["E:\\DevEcoStudioProjects\\HouseWorkAPP\\entry\\.preview\\default\\intermediates\\res\\default\\ResourceTable.txt",{"fileSnapShotHashValue":"72c06042115a59970d055767d07678f3"}],["E:\\DevEcoStudioProjects\\HouseWorkAPP\\entry\\.preview\\default\\intermediates\\res\\default\\module.json",{"fileSnapShotHashValue":"7daeea473f283407e2e38ac38dd90460"}],["E:\\DevEcoStudioProjects\\HouseWorkAPP\\entry\\.preview\\default\\intermediates\\res\\default\\resources\\base\\profile",{"isDirectory":true,"fileSnapShotHashValue":"c31277e1b0ed4bad0dae86e64f495014"}],["E:\\DevEcoStudioProjects\\HouseWorkAPP\\entry\\src\\main\\ets",{"isDirectory":true,"fileSnapShotHashValue":"acd24bd2948b8c93a3a9921fa48d1253"}]]},"_outputFiles":{"dataType":"Map","value":[["E:\\DevEcoStudioProjects\\HouseWorkAPP\\entry\\.preview\\default\\intermediates\\loader_out\\default\\ets",{"isDirectory":true,"fileSnapShotHashValue":""}]]}},":HouseWorkAPP:entry:default@GenerateMetadata":{"_inputs":[{"dataType":"ValueEntry","value":"{\"_name\":\"BUILTIN_TASK_COMMAND\",\"_value\":\"\",\"_valueType\":\"string\",\"_hash\":\"0b5d05294fdf4e78e8482ef53eb64ac0\"}"},{"dataType":"ValueEntry","value":"{\"_name\":\"BUILTIN_TASK_ENV\",\"_value\":\"\",\"_valueType\":\"string\",\"_hash\":\"cdcdc2ec8062ca9ec1de46dbf2bbc053\"}"},{"dataType":"ValueEntry","value":"{\"_name\":\"BUILTIN_TASK_TOOLCHAIN\",\"_value\":\"\",\"_valueType\":\"string\",\"_hash\":\"e7f94a9422a8bc317a7d90b58efcb5f6\"}"},{"dataType":"ValueEntry","value":"{\"_name\":\"entryModules\",\"_value\":[],\"_valueType\":\"object\",\"_hash\":\"aea18c73616ef065de1f5734ffcfeacd\"}"},{"dataType":"ValueEntry","value":"{\"_name\":\"existSigningConfig\",\"_value\":false,\"_valueType\":\"boolean\",\"_hash\":\"1577ffedb088f641d0438ac50d5978d5\"}"},{"dataType":"ValueEntry","value":"{\"_name\":\"moduleDeviceType\",\"_value\":[\"phone\",\"tablet\"],\"_valueType\":\"object\",\"_hash\":\"813bc33f3fdde783add9cb9f328a5b28\"}"},{"dataType":"ValueEntry","value":"{\"_name\":\"product\",\"_value\":\"default\",\"_valueType\":\"string\",\"_hash\":\"c78efd675257060e500cc4a185c4a166\"}"},{"dataType":"ValueEntry","value":"{\"_name\":\"sdkToolchainsComponentVersion\",\"_value\":\"3.2.12.5\",\"_valueType\":\"string\",\"_hash\":\"cc722e03b3384cc9b37c649e4134fc99\"}"},{"dataType":"ValueEntry","value":"{\"_name\":\"targetConfig\",\"_value\":\"{\\\"name\\\":\\\"default\\\",\\\"runtimeOS\\\":\\\"HarmonyOS\\\"}\",\"_valueType\":\"string\",\"_hash\":\"96bcd83382fb082c731eedf7bc0cf1dc\"}"}],"_successful":true,"_projectName":"HouseWorkAPP","_moduleName":"entry","_taskName":"default@GenerateMetadata","_key":":HouseWorkAPP:entry:default@GenerateMetadata","_executionId":":HouseWorkAPP:entry:default@GenerateMetadata:1702124007598","_inputFiles":{"dataType":"Map","value":[["E:\\DevEcoStudioProjects\\HouseWorkAPP\\entry\\src\\main\\module.json5",{"fileSnapShotHashValue":"c44d4a235e1acae8d69795be5e52c7ac"}]]},"_outputFiles":{"dataType":"Map","value":[["E:\\DevEcoStudioProjects\\HouseWorkAPP\\entry\\build\\default\\intermediates\\hap_metadata\\default\\output_metadata.json",{"fileSnapShotHashValue":"269411619c19221581cbf96c80bf9789"}]]}},":HouseWorkAPP:entry:default@MakePackInfo":{"_inputs":[{"dataType":"ValueEntry","value":"{\"_name\":\"BUILTIN_TASK_COMMAND\",\"_value\":\"\",\"_valueType\":\"string\",\"_hash\":\"0b5d05294fdf4e78e8482ef53eb64ac0\"}"},{"dataType":"ValueEntry","value":"{\"_name\":\"BUILTIN_TASK_ENV\",\"_value\":\"\",\"_valueType\":\"string\",\"_hash\":\"cdcdc2ec8062ca9ec1de46dbf2bbc053\"}"},{"dataType":"ValueEntry","value":"{\"_name\":\"BUILTIN_TASK_TOOLCHAIN\",\"_value\":\"\",\"_valueType\":\"string\",\"_hash\":\"e7f94a9422a8bc317a7d90b58efcb5f6\"}"},{"dataType":"ValueEntry","value":"{\"_name\":\"compatibleSdkVersion\",\"_value\":9,\"_valueType\":\"number\",\"_hash\":\"789a8631987a2e2b1a03b001c78d0180\"}"},{"dataType":"ValueEntry","value":"{\"_name\":\"compileSdkVersion\",\"_value\":9,\"_valueType\":\"number\",\"_hash\":\"3d4d5df63426ff238569b8e54a6b76e3\"}"},{"dataType":"ValueEntry","value":"{\"_name\":\"deviceTypes\",\"_value\":[\"phone\",\"tablet\"],\"_valueType\":\"object\",\"_hash\":\"c166d88837153e59136adb6a4b649962\"}"},{"dataType":"ValueEntry","value":"{\"_name\":\"releaseType\",\"_value\":\"Release\",\"_valueType\":\"string\",\"_hash\":\"bbcabdda034e97584f8c36f85b3ec517\"}"}],"_successful":true,"_projectName":"HouseWorkAPP","_moduleName":"entry","_taskName":"default@MakePackInfo","_key":":HouseWorkAPP:entry:default@MakePackInfo","_executionId":":HouseWorkAPP:entry:default@MakePackInfo:1702124007626","_inputFiles":{"dataType":"Map","value":[["E:\\DevEcoStudioProjects\\HouseWorkAPP\\AppScope\\app.json5",{"fileSnapShotHashValue":"a2be0dd7861a6a7f37f29677d5395c77"}],["E:\\DevEcoStudioProjects\\HouseWorkAPP\\entry\\src\\main\\module.json5",{"fileSnapShotHashValue":"c44d4a235e1acae8d69795be5e52c7ac"}]]},"_outputFiles":{"dataType":"Map","value":[["E:\\DevEcoStudioProjects\\HouseWorkAPP\\entry\\build\\default\\outputs\\default\\pack.info",{"fileSnapShotHashValue":"1fafaf88b4b4e8b6b5fbccb3aef8f7a1"}]]}},":HouseWorkAPP:entry:default@ProcessResource":{"_inputs":[{"dataType":"ValueEntry","value":"{\"_name\":\"BUILTIN_TASK_COMMAND\",\"_value\":\"\",\"_valueType\":\"string\",\"_hash\":\"0b5d05294fdf4e78e8482ef53eb64ac0\"}"},{"dataType":"ValueEntry","value":"{\"_name\":\"BUILTIN_TASK_ENV\",\"_value\":\"\",\"_valueType\":\"string\",\"_hash\":\"cdcdc2ec8062ca9ec1de46dbf2bbc053\"}"},{"dataType":"ValueEntry","value":"{\"_name\":\"BUILTIN_TASK_TOOLCHAIN\",\"_value\":\"\",\"_valueType\":\"string\",\"_hash\":\"e7f94a9422a8bc317a7d90b58efcb5f6\"}"},{"dataType":"ValueEntry","value":"{\"_name\":\"resConfigJsonContent\",\"_value\":\"{\\\"configPath\\\":\\\"E:\\\\\\\\DevEcoStudioProjects\\\\\\\\HouseWorkAPP\\\\\\\\entry\\\\\\\\build\\\\\\\\default\\\\\\\\intermediates\\\\\\\\process_profile\\\\\\\\default\\\\\\\\module.json\\\",\\\"packageName\\\":\\\"com.example.houseworkapp\\\",\\\"output\\\":\\\"E:\\\\\\\\DevEcoStudioProjects\\\\\\\\HouseWorkAPP\\\\\\\\entry\\\\\\\\build\\\\\\\\default\\\\\\\\intermediates\\\\\\\\res\\\\\\\\default\\\",\\\"moduleNames\\\":\\\"entry\\\",\\\"ResourceTable\\\":[\\\"E:\\\\\\\\DevEcoStudioProjects\\\\\\\\HouseWorkAPP\\\\\\\\entry\\\\\\\\build\\\\\\\\default\\\\\\\\generated\\\\\\\\r\\\\\\\\default\\\\\\\\ResourceTable.h\\\"],\\\"applicationResource\\\":\\\"E:\\\\\\\\DevEcoStudioProjects\\\\\\\\HouseWorkAPP\\\\\\\\AppScope\\\\\\\\resources\\\",\\\"moduleResources\\\":[\\\"E:\\\\\\\\DevEcoStudioProjects\\\\\\\\HouseWorkAPP\\\\\\\\entry\\\\\\\\src\\\\\\\\main\\\\\\\\resources\\\"],\\\"dependencies\\\":[]}\",\"_valueType\":\"string\",\"_hash\":\"ce8df78f90a82e2016eef3769aa06492\"}"}],"_successful":true,"_projectName":"HouseWorkAPP","_moduleName":"entry","_taskName":"default@ProcessResource","_key":":HouseWorkAPP:entry:default@ProcessResource","_executionId":":HouseWorkAPP:entry:default@ProcessResource:1702124007794","_inputFiles":{"dataType":"Map","value":[]},"_outputFiles":{"dataType":"Map","value":[["E:\\DevEcoStudioProjects\\HouseWorkAPP\\entry\\build\\default\\intermediates\\res\\default\\resConfig.json",{"isDirectory":false,"fileSnapShotHashValue":"bc7188ecf61290e1c7c9d8776d8f3f8a"}]]}},":HouseWorkAPP:entry:default@ProcessLibs":{"_inputs":[{"dataType":"ValueEntry","value":"{\"_name\":\"BUILTIN_TASK_COMMAND\",\"_value\":\"\",\"_valueType\":\"string\",\"_hash\":\"0b5d05294fdf4e78e8482ef53eb64ac0\"}"},{"dataType":"ValueEntry","value":"{\"_name\":\"BUILTIN_TASK_ENV\",\"_value\":\"\",\"_valueType\":\"string\",\"_hash\":\"cdcdc2ec8062ca9ec1de46dbf2bbc053\"}"},{"dataType":"ValueEntry","value":"{\"_name\":\"BUILTIN_TASK_TOOLCHAIN\",\"_value\":\"\",\"_valueType\":\"string\",\"_hash\":\"e7f94a9422a8bc317a7d90b58efcb5f6\"}"}],"_successful":true,"_projectName":"HouseWorkAPP","_moduleName":"entry","_taskName":"default@ProcessLibs","_key":":HouseWorkAPP:entry:default@ProcessLibs","_executionId":":HouseWorkAPP:entry:default@ProcessLibs:1702124007799","_inputFiles":{"dataType":"Map","value":[]},"_outputFiles":{"dataType":"Map","value":[["E:\\DevEcoStudioProjects\\HouseWorkAPP\\entry\\build\\default\\intermediates\\libs\\default",{"isDirectory":true,"fileSnapShotHashValue":""}]]}},":HouseWorkAPP:entry:default@CompileResource":{"_inputs":[{"dataType":"ValueEntry","value":"{\"_name\":\"BUILTIN_TASK_COMMAND\",\"_value\":\"E:\\\\Huawei\\\\Sdk\\\\openharmony\\\\9\\\\toolchains\\\\restool.exe,-l,E:\\\\DevEcoStudioProjects\\\\HouseWorkAPP\\\\entry\\\\build\\\\default\\\\intermediates\\\\res\\\\default\\\\resConfig.json\",\"_valueType\":\"string\",\"_hash\":\"37a59688366c6a315fdfd797048eaaab\"}"},{"dataType":"ValueEntry","value":"{\"_name\":\"BUILTIN_TASK_ENV\",\"_value\":\"\",\"_valueType\":\"string\",\"_hash\":\"cdcdc2ec8062ca9ec1de46dbf2bbc053\"}"},{"dataType":"ValueEntry","value":"{\"_name\":\"BUILTIN_TASK_TOOLCHAIN\",\"_value\":\"E:\\\\Huawei\\\\Sdk\\\\openharmony\\\\9\\\\toolchains\\\\restool.exe\",\"_valueType\":\"string\",\"_hash\":\"9e6f474261b435741dc596c09e43ffe6\"}"},{"dataType":"ValueEntry","value":"{\"_name\":\"TARGET_CONFIG\",\"_value\":\"{\\\"name\\\":\\\"default\\\",\\\"runtimeOS\\\":\\\"HarmonyOS\\\"}\",\"_valueType\":\"string\",\"_hash\":\"d1734598343a94c88ec5404fdcdfa944\"}"}],"_successful":true,"_projectName":"HouseWorkAPP","_moduleName":"entry","_taskName":"default@CompileResource","_key":":HouseWorkAPP:entry:default@CompileResource","_executionId":":HouseWorkAPP:entry:default@CompileResource:1702658117528","_inputFiles":{"dataType":"Map","value":[["E:\\DevEcoStudioProjects\\HouseWorkAPP\\entry\\src\\main\\resources",{"fileSnapShotHashValue":"59c066454247e59f8b1ea3a6c5d96e19"}],["E:\\DevEcoStudioProjects\\HouseWorkAPP\\AppScope\\resources",{"fileSnapShotHashValue":"264c46501a37bd52b5268e5e514a0a49"}],["E:\\DevEcoStudioProjects\\HouseWorkAPP\\entry\\build\\default\\intermediates\\process_profile\\default\\module.json",{"isDirectory":false,"fileSnapShotHashValue":"8734cd70d6055d2a7d2855e18090d80b"}],["E:\\DevEcoStudioProjects\\HouseWorkAPP\\entry\\build\\default\\intermediates\\res\\default\\resConfig.json",{"isDirectory":false,"fileSnapShotHashValue":"bc7188ecf61290e1c7c9d8776d8f3f8a"}]]},"_outputFiles":{"dataType":"Map","value":[["E:\\DevEcoStudioProjects\\HouseWorkAPP\\entry\\build\\default\\intermediates\\res\\default",{"isDirectory":true,"fileSnapShotHashValue":"fedf4c815f8d1e55e7bb3ed698ec4d08"}],["E:\\DevEcoStudioProjects\\HouseWorkAPP\\entry\\build\\default\\generated\\r\\default\\ResourceTable.h",{"isDirectory":false,"fileSnapShotHashValue":"b2be0c37ce6c9fb0288fb252e51e1a96"}],["E:\\DevEcoStudioProjects\\HouseWorkAPP\\entry\\build\\default\\generated\\r\\default",{"isDirectory":true,"fileSnapShotHashValue":"d52c0e547c43db5e775661ce9e87e635"}]]}},":HouseWorkAPP:entry:default@CompileArkTS":{"_inputs":[{"dataType":"ValueEntry","value":"{\"_name\":\"debuggable\",\"_value\":true,\"_valueType\":\"boolean\"}"},{"dataType":"ValueEntry","value":"{\"_name\":\"isArk\",\"_value\":true,\"_valueType\":\"boolean\"}"},{"dataType":"ValueEntry","value":"{\"_name\":\"needCoverageInsert\",\"_value\":false,\"_valueType\":\"boolean\"}"},{"dataType":"ValueEntry","value":"{\"_name\":\"arkTsWdiget\",\"_value\":false,\"_valueType\":\"boolean\"}"},{"dataType":"ValueEntry","value":"{\"_name\":\"BUILTIN_TASK_COMMAND\",\"_value\":\"\",\"_valueType\":\"string\"}"},{"dataType":"ValueEntry","value":"{\"_name\":\"BUILTIN_TASK_TOOLCHAIN\",\"_value\":\"\",\"_valueType\":\"string\"}"},{"dataType":"ValueEntry","value":"{\"_name\":\"BUILTIN_TASK_ENV\",\"_value\":\"\",\"_valueType\":\"string\"}"}],"_successful":true,"_projectName":"HouseWorkAPP","_moduleName":"entry","_taskName":"default@CompileArkTS","_key":":HouseWorkAPP:entry:default@CompileArkTS","_executionId":":HouseWorkAPP:entry:default@CompileArkTS:1702699411274","_inputFiles":{"dataType":"Map","value":[["E:\\DevEcoStudioProjects\\HouseWorkAPP\\entry\\build\\default\\intermediates\\loader\\default",{"isDirectory":true,"fileSnapShotHashValue":"aab02d45f75b8f2cd4717e609be68cf7"}],["E:\\DevEcoStudioProjects\\HouseWorkAPP\\entry\\build\\default\\intermediates\\res\\default\\ResourceTable.txt",{"fileSnapShotHashValue":"9bcbe97eb0019d5d22b6801d994d4c82"}],["E:\\DevEcoStudioProjects\\HouseWorkAPP\\entry\\build\\default\\intermediates\\res\\default\\module.json",{"fileSnapShotHashValue":"6d85e11b25d0dbd9cd435077d8f855be"}],["E:\\DevEcoStudioProjects\\HouseWorkAPP\\entry\\build\\default\\intermediates\\res\\default\\resources\\base\\profile",{"isDirectory":true,"fileSnapShotHashValue":"f69514517143ee1dfeabe659587eb680"}],["E:\\DevEcoStudioProjects\\HouseWorkAPP\\entry\\src\\main\\ets",{"isDirectory":true,"fileSnapShotHashValue":"bfe080fd47c9abf336c5dd4842f34030"}]]},"_outputFiles":{"dataType":"Map","value":[["E:\\DevEcoStudioProjects\\HouseWorkAPP\\entry\\build\\default\\intermediates\\loader_out\\default\\ets",{"isDirectory":true,"fileSnapShotHashValue":"d5e139caa565521332ffa440abd168b9"}]]}},":HouseWorkAPP:entry:default@CompileJS":{"_inputs":[{"dataType":"ValueEntry","value":"{\"_name\":\"debuggable\",\"_value\":true,\"_valueType\":\"boolean\"}"},{"dataType":"ValueEntry","value":"{\"_name\":\"isArk\",\"_value\":true,\"_valueType\":\"boolean\"}"},{"dataType":"ValueEntry","value":"{\"_name\":\"needCoverageInsert\",\"_value\":false,\"_valueType\":\"boolean\"}"},{"dataType":"ValueEntry","value":"{\"_name\":\"BUILTIN_TASK_COMMAND\",\"_value\":\"\",\"_valueType\":\"string\"}"},{"dataType":"ValueEntry","value":"{\"_name\":\"BUILTIN_TASK_TOOLCHAIN\",\"_value\":\"\",\"_valueType\":\"string\"}"},{"dataType":"ValueEntry","value":"{\"_name\":\"BUILTIN_TASK_ENV\",\"_value\":\"\",\"_valueType\":\"string\"}"}],"_successful":true,"_projectName":"HouseWorkAPP","_moduleName":"entry","_taskName":"default@CompileJS","_key":":HouseWorkAPP:entry:default@CompileJS","_executionId":":HouseWorkAPP:entry:default@CompileJS:1702699411295","_inputFiles":{"dataType":"Map","value":[["E:\\DevEcoStudioProjects\\HouseWorkAPP\\entry\\build\\default\\intermediates\\loader\\default",{"isDirectory":true,"fileSnapShotHashValue":"aab02d45f75b8f2cd4717e609be68cf7"}],["E:\\DevEcoStudioProjects\\HouseWorkAPP\\entry\\build\\default\\intermediates\\res\\default\\ResourceTable.txt",{"fileSnapShotHashValue":"9bcbe97eb0019d5d22b6801d994d4c82"}],["E:\\DevEcoStudioProjects\\HouseWorkAPP\\entry\\build\\default\\intermediates\\res\\default\\module.json",{"fileSnapShotHashValue":"6d85e11b25d0dbd9cd435077d8f855be"}],["E:\\DevEcoStudioProjects\\HouseWorkAPP\\entry\\build\\default\\intermediates\\res\\default\\resources\\base\\profile",{"isDirectory":true,"fileSnapShotHashValue":"f69514517143ee1dfeabe659587eb680"}]]},"_outputFiles":{"dataType":"Map","value":[["E:\\DevEcoStudioProjects\\HouseWorkAPP\\entry\\build\\default\\intermediates\\loader_out\\default\\js",{"isDirectory":true,"fileSnapShotHashValue":""}]]}},":HouseWorkAPP:entry:default@PackageHap":{"_inputs":[{"dataType":"ValueEntry","value":"{\"_name\":\"hotReload\",\"_value\":false,\"_valueType\":\"boolean\"}"},{"dataType":"ValueEntry","value":"{\"_name\":\"BUILTIN_TASK_COMMAND\",\"_value\":\"java,-Dfile.encoding=utf-8,-jar,E:\\\\Huawei\\\\Sdk\\\\openharmony\\\\9\\\\toolchains\\\\lib\\\\app_packing_tool.jar,--mode,hap,--force,true,--lib-path,E:\\\\DevEcoStudioProjects\\\\HouseWorkAPP\\\\entry\\\\build\\\\default\\\\intermediates\\\\libs\\\\default,--json-path,E:\\\\DevEcoStudioProjects\\\\HouseWorkAPP\\\\entry\\\\build\\\\default\\\\intermediates\\\\res\\\\default\\\\module.json,--resources-path,E:\\\\DevEcoStudioProjects\\\\HouseWorkAPP\\\\entry\\\\build\\\\default\\\\intermediates\\\\res\\\\default\\\\resources,--index-path,E:\\\\DevEcoStudioProjects\\\\HouseWorkAPP\\\\entry\\\\build\\\\default\\\\intermediates\\\\res\\\\default\\\\resources.index,--pack-info-path,E:\\\\DevEcoStudioProjects\\\\HouseWorkAPP\\\\entry\\\\build\\\\default\\\\outputs\\\\default\\\\pack.info,--out-path,E:\\\\DevEcoStudioProjects\\\\HouseWorkAPP\\\\entry\\\\build\\\\default\\\\outputs\\\\default\\\\entry-default-unsigned.hap,--ets-path,E:\\\\DevEcoStudioProjects\\\\HouseWorkAPP\\\\entry\\\\build\\\\default\\\\intermediates\\\\loader_out\\\\default\\\\ets\",\"_valueType\":\"string\"}"},{"dataType":"ValueEntry","value":"{\"_name\":\"BUILTIN_TASK_TOOLCHAIN\",\"_value\":\"E:\\\\Huawei\\\\Sdk\\\\openharmony\\\\9\\\\toolchains\\\\lib\\\\app_packing_tool.jar\",\"_valueType\":\"string\"}"},{"dataType":"ValueEntry","value":"{\"_name\":\"BUILTIN_TASK_ENV\",\"_value\":\"\",\"_valueType\":\"string\"}"}],"_successful":true,"_projectName":"HouseWorkAPP","_moduleName":"entry","_taskName":"default@PackageHap","_key":":HouseWorkAPP:entry:default@PackageHap","_executionId":":HouseWorkAPP:entry:default@PackageHap:1702699418272","_inputFiles":{"dataType":"Map","value":[["E:\\DevEcoStudioProjects\\HouseWorkAPP\\entry\\build\\default\\intermediates\\libs\\default",{"isDirectory":false,"fileSnapShotHashValue":""}],["E:\\DevEcoStudioProjects\\HouseWorkAPP\\entry\\build\\default\\intermediates\\res\\default\\module.json",{"isDirectory":false,"fileSnapShotHashValue":"6d85e11b25d0dbd9cd435077d8f855be"}],["E:\\DevEcoStudioProjects\\HouseWorkAPP\\entry\\build\\default\\intermediates\\res\\default\\resources",{"isDirectory":false,"fileSnapShotHashValue":"119c02d75c13298d77dbdeb1f260600e"}],["E:\\DevEcoStudioProjects\\HouseWorkAPP\\entry\\build\\default\\intermediates\\res\\default\\resources.index",{"isDirectory":false,"fileSnapShotHashValue":"1825119b6c0d2fc162607c08b5fcef88"}],["E:\\DevEcoStudioProjects\\HouseWorkAPP\\entry\\build\\default\\outputs\\default\\pack.info",{"isDirectory":false,"fileSnapShotHashValue":"1fafaf88b4b4e8b6b5fbccb3aef8f7a1"}],["E:\\DevEcoStudioProjects\\HouseWorkAPP\\entry\\build\\default\\intermediates\\loader_out\\default\\ets",{"isDirectory":false,"fileSnapShotHashValue":"d5e139caa565521332ffa440abd168b9"}]]},"_outputFiles":{"dataType":"Map","value":[["E:\\DevEcoStudioProjects\\HouseWorkAPP\\entry\\build\\default\\outputs\\default\\entry-default-unsigned.hap",{"isDirectory":false,"fileSnapShotHashValue":"fdd2f956ac88d746289fad7096de81c6"}]]}},":HouseWorkAPP:entry:default@SignHap":{"_inputs":[{"dataType":"ValueEntry","value":"{\"_name\":\"sdkToolchainsComponentVersion\",\"_value\":\"3.2.12.5\",\"_valueType\":\"string\"}"},{"dataType":"ValueEntry","value":"{\"_name\":\"existSigningConfig\",\"_value\":false,\"_valueType\":\"boolean\"}"},{"dataType":"ValueEntry","value":"{\"_name\":\"BUILTIN_TASK_COMMAND\",\"_value\":\"\",\"_valueType\":\"string\"}"},{"dataType":"ValueEntry","value":"{\"_name\":\"BUILTIN_TASK_TOOLCHAIN\",\"_value\":\"\",\"_valueType\":\"string\"}"},{"dataType":"ValueEntry","value":"{\"_name\":\"BUILTIN_TASK_ENV\",\"_value\":\"\",\"_valueType\":\"string\"}"}],"_successful":true,"_projectName":"HouseWorkAPP","_moduleName":"entry","_taskName":"default@SignHap","_key":":HouseWorkAPP:entry:default@SignHap","_executionId":":HouseWorkAPP:entry:default@SignHap:1702699418895","_inputFiles":{"dataType":"Map","value":[["E:\\DevEcoStudioProjects\\HouseWorkAPP\\entry\\build\\default\\outputs\\default\\entry-default-unsigned.hap",{"isDirectory":false,"fileSnapShotHashValue":"fdd2f956ac88d746289fad7096de81c6"}]]},"_outputFiles":{"dataType":"Map","value":[["E:\\DevEcoStudioProjects\\HouseWorkAPP\\entry\\build\\default\\outputs\\default\\entry-default-signed.hap",{"isDirectory":false,"fileSnapShotHashValue":""}]]}}}