{
  "color": [
    {
      "name": "btn_start_search",
      "value": "#D6A2FF"
    },
    {
      "name": "btn_end_search",
      "value": "#AC69FD"
    },
    {
      "name": "light_yellow",
      "value": "#FFFFE98D"
    },
    {
      "name": "zongse",
      "value": "#FFBA5802"
    },
    {
      "name": "dark_yellow",
      "value": "#FFBA8D02"
    },
    {
      "name": "light_blue",
      "value": "#FF4844B8"
    },
    {
      "name": "dark_purple",
      "value": "#FF6826AE"
    },
    {
      "name": "dark_gray",
      "value": "#D5ACACAC"
    },
    {
      "name": "l_g",
      "value": "#FFE0E0E0"
    }
  ]
}
