{"E:\\DevEcoStudioProjects\\AccountHHC\\AppScope\\app.json5":{"hashValue":"12ae50d35531e988becd6a8cb182fa68","name":"app.json5","path":"E:\\DevEcoStudioProjects\\AccountHHC\\AppScope\\app.json5","type":"file","isSymbolicLink":false,"fileMetaData":{"size":217,"lastModifiedTime":1699948651884}},"E:\\DevEcoStudioProjects\\AccountHHC\\entry\\src\\main\\module.json5":{"hashValue":"6398ac51726330417a545dc84a2bb268","name":"module.json5","path":"E:\\DevEcoStudioProjects\\AccountHHC\\entry\\src\\main\\module.json5","type":"file","isSymbolicLink":false,"fileMetaData":{"size":935,"lastModifiedTime":1700545628624}},"E:\\DevEcoStudioProjects\\AccountHHC\\entry\\.preview\\default\\intermediates\\merge_profile\\default\\module.json":{"hashValue":"6c194d5de3fc19b051507cc7ea6f4c16","name":"module.json","path":"E:\\DevEcoStudioProjects\\AccountHHC\\entry\\.preview\\default\\intermediates\\merge_profile\\default\\module.json","type":"file","isSymbolicLink":false,"fileMetaData":{"size":1060,"lastModifiedTime":1700533762803}},"E:\\DevEcoStudioProjects\\AccountHHC\\entry\\.preview\\default\\intermediates\\loader\\default\\loader.json":{"hashValue":"553de22b109f9967c5ab24e867b755b6","name":"loader.json","path":"E:\\DevEcoStudioProjects\\AccountHHC\\entry\\.preview\\default\\intermediates\\loader\\default\\loader.json","type":"file","isSymbolicLink":false,"fileMetaData":{"size":357,"lastModifiedTime":1700533762811}},"E:\\DevEcoStudioProjects\\AccountHHC\\entry\\.preview\\default\\intermediates\\process_profile\\default\\module.json":{"hashValue":"8d99ee96de6a2c04d7a6783dad4e4730","name":"module.json","path":"E:\\DevEcoStudioProjects\\AccountHHC\\entry\\.preview\\default\\intermediates\\process_profile\\default\\module.json","type":"file","isSymbolicLink":false,"fileMetaData":{"size":1145,"lastModifiedTime":1700533762926}},"E:\\DevEcoStudioProjects\\AccountHHC\\entry\\src\\main\\resources":{"hashValue":"6a029a9b557ce32e5d8dad66cbea1a09","name":"resources","path":"E:\\DevEcoStudioProjects\\AccountHHC\\entry\\src\\main\\resources","type":"directory","isSymbolicLink":false,"children":[{"hashValue":"6d78d986d25140cb809c4345f5ba7638","name":"base","path":"E:\\DevEcoStudioProjects\\AccountHHC\\entry\\src\\main\\resources\\base","type":"directory","isSymbolicLink":false,"children":[{"hashValue":"585cd2a4b3cd008d168bfc7ff7a89704","name":"element","path":"E:\\DevEcoStudioProjects\\AccountHHC\\entry\\src\\main\\resources\\base\\element","type":"directory","isSymbolicLink":false,"children":[{"hashValue":"7bbb015cbb7f638962746e28991bbad9","name":"color.json","path":"E:\\DevEcoStudioProjects\\AccountHHC\\entry\\src\\main\\resources\\base\\element\\color.json","type":"file","isSymbolicLink":false,"fileMetaData":{"size":730,"lastModifiedTime":1700548904631}},{"hashValue":"93bffd739d2d210828fade989b77e2fe","name":"string.json","path":"E:\\DevEcoStudioProjects\\AccountHHC\\entry\\src\\main\\resources\\base\\element\\string.json","type":"file","isSymbolicLink":false,"fileMetaData":{"size":489,"lastModifiedTime":1700062570041}}]},{"hashValue":"a10da80129bc52a4bc6cc9e4b8892f99","name":"media","path":"E:\\DevEcoStudioProjects\\AccountHHC\\entry\\src\\main\\resources\\base\\media","type":"directory","isSymbolicLink":false,"children":[{"hashValue":"17ce57aed652fd12ab3004fc663e718f","name":"Add.png","path":"E:\\DevEcoStudioProjects\\AccountHHC\\entry\\src\\main\\resources\\base\\media\\Add.png","type":"file","isSymbolicLink":false,"fileMetaData":{"size":12916,"lastModifiedTime":1699948168000}},{"hashValue":"815dac58e41eb3d037d19c8533a7b792","name":"Calendar.png","path":"E:\\DevEcoStudioProjects\\AccountHHC\\entry\\src\\main\\resources\\base\\media\\Calendar.png","type":"file","isSymbolicLink":false,"fileMetaData":{"size":14227,"lastModifiedTime":1699948168000}},{"hashValue":"f088c484ce95c38083b1ae4bfca8f546","name":"canyin.png","path":"E:\\DevEcoStudioProjects\\AccountHHC\\entry\\src\\main\\resources\\base\\media\\canyin.png","type":"file","isSymbolicLink":false,"fileMetaData":{"size":4949,"lastModifiedTime":1700017252000}},{"hashValue":"ca0086bbb32aa57aac01c4bc0503787b","name":"chuxing.png","path":"E:\\DevEcoStudioProjects\\AccountHHC\\entry\\src\\main\\resources\\base\\media\\chuxing.png","type":"file","isSymbolicLink":false,"fileMetaData":{"size":6746,"lastModifiedTime":1700017252000}},{"hashValue":"fff0578819f40912507461e644a87528","name":"delete.png","path":"E:\\DevEcoStudioProjects\\AccountHHC\\entry\\src\\main\\resources\\base\\media\\delete.png","type":"file","isSymbolicLink":false,"fileMetaData":{"size":7908,"lastModifiedTime":1697790998000}},{"hashValue":"29e2ab598b3f805701285307999399b3","name":"Document.png","path":"E:\\DevEcoStudioProjects\\AccountHHC\\entry\\src\\main\\resources\\base\\media\\Document.png","type":"file","isSymbolicLink":false,"fileMetaData":{"size":14165,"lastModifiedTime":1699948168000}},{"hashValue":"a16725be59721eda7e34e3b8495d5bf1","name":"Folder.png","path":"E:\\DevEcoStudioProjects\\AccountHHC\\entry\\src\\main\\resources\\base\\media\\Folder.png","type":"file","isSymbolicLink":false,"fileMetaData":{"size":10410,"lastModifiedTime":1699948168000}},{"hashValue":"22bd61c7ffd613ac165be46b3bd0bb86","name":"gongzi.png","path":"E:\\DevEcoStudioProjects\\AccountHHC\\entry\\src\\main\\resources\\base\\media\\gongzi.png","type":"file","isSymbolicLink":false,"fileMetaData":{"size":5488,"lastModifiedTime":1700017252000}},{"hashValue":"8b68db7ab7b5d1627078a2608bf44343","name":"gouwu.png","path":"E:\\DevEcoStudioProjects\\AccountHHC\\entry\\src\\main\\resources\\base\\media\\gouwu.png","type":"file","isSymbolicLink":false,"fileMetaData":{"size":5751,"lastModifiedTime":1700017252000}},{"hashValue":"fc3640e034a1ef06d075656280b9963c","name":"ic_public_refresh.png","path":"E:\\DevEcoStudioProjects\\AccountHHC\\entry\\src\\main\\resources\\base\\media\\ic_public_refresh.png","type":"file","isSymbolicLink":false,"fileMetaData":{"size":413,"lastModifiedTime":1700724996553}},{"hashValue":"e54c40b618679d97f9d171b9f8a7a92f","name":"icon.png","path":"E:\\DevEcoStudioProjects\\AccountHHC\\entry\\src\\main\\resources\\base\\media\\icon.png","type":"file","isSymbolicLink":false,"fileMetaData":{"size":6790,"lastModifiedTime":1699948643042}},{"hashValue":"be4c874dc92ddadd133dcfd8ac63e1b6","name":"jiangxu.jpg","path":"E:\\DevEcoStudioProjects\\AccountHHC\\entry\\src\\main\\resources\\base\\media\\jiangxu.jpg","type":"file","isSymbolicLink":false,"fileMetaData":{"size":10695,"lastModifiedTime":1700565414952}},{"hashValue":"32e5b4c2ffaad59316216b6361fae68b","name":"jianzhi.png","path":"E:\\DevEcoStudioProjects\\AccountHHC\\entry\\src\\main\\resources\\base\\media\\jianzhi.png","type":"file","isSymbolicLink":false,"fileMetaData":{"size":3087,"lastModifiedTime":1700017252000}},{"hashValue":"7892b6fac1b17894255a7f9b95fc8b57","name":"jiaoyu.png","path":"E:\\DevEcoStudioProjects\\AccountHHC\\entry\\src\\main\\resources\\base\\media\\jiaoyu.png","type":"file","isSymbolicLink":false,"fileMetaData":{"size":3680,"lastModifiedTime":1700017252000}},{"hashValue":"544c03e6b74b9e3daf1e4ef43bbb3f99","name":"licai.png","path":"E:\\DevEcoStudioProjects\\AccountHHC\\entry\\src\\main\\resources\\base\\media\\licai.png","type":"file","isSymbolicLink":false,"fileMetaData":{"size":6257,"lastModifiedTime":1700017252000}},{"hashValue":"0f19ab680cb56699bda5140589bf5c2c","name":"Paper.png","path":"E:\\DevEcoStudioProjects\\AccountHHC\\entry\\src\\main\\resources\\base\\media\\Paper.png","type":"file","isSymbolicLink":false,"fileMetaData":{"size":9926,"lastModifiedTime":1699948168000}},{"hashValue":"eedcbf910e98851905ab3a455834f4ee","name":"Profile.png","path":"E:\\DevEcoStudioProjects\\AccountHHC\\entry\\src\\main\\resources\\base\\media\\Profile.png","type":"file","isSymbolicLink":false,"fileMetaData":{"size":8865,"lastModifiedTime":1699948168000}},{"hashValue":"cf247e664b7ea228da66e938e49a301c","name":"qita.png","path":"E:\\DevEcoStudioProjects\\AccountHHC\\entry\\src\\main\\resources\\base\\media\\qita.png","type":"file","isSymbolicLink":false,"fileMetaData":{"size":5232,"lastModifiedTime":1700017252000}},{"hashValue":"ae2d5279d03c81cbde5b7b50eff174c0","name":"riyong.png","path":"E:\\DevEcoStudioProjects\\AccountHHC\\entry\\src\\main\\resources\\base\\media\\riyong.png","type":"file","isSymbolicLink":false,"fileMetaData":{"size":4251,"lastModifiedTime":1700017252000}},{"hashValue":"6c74cdec14583c4aa5022428e6296018","name":"shengxu.jpg","path":"E:\\DevEcoStudioProjects\\AccountHHC\\entry\\src\\main\\resources\\base\\media\\shengxu.jpg","type":"file","isSymbolicLink":false,"fileMetaData":{"size":16156,"lastModifiedTime":1700565478437}},{"hashValue":"f3e58388ecd038ef3f69c5462e4f06a9","name":"shuma.png","path":"E:\\DevEcoStudioProjects\\AccountHHC\\entry\\src\\main\\resources\\base\\media\\shuma.png","type":"file","isSymbolicLink":false,"fileMetaData":{"size":4059,"lastModifiedTime":1700017252000}},{"hashValue":"202d8c1cdfd067cbe5c3a988940781de","name":"Wallet.png","path":"E:\\DevEcoStudioProjects\\AccountHHC\\entry\\src\\main\\resources\\base\\media\\Wallet.png","type":"file","isSymbolicLink":false,"fileMetaData":{"size":11304,"lastModifiedTime":1699948168000}},{"hashValue":"5653386645b9a30546c050e86395cce6","name":"yiliao.png","path":"E:\\DevEcoStudioProjects\\AccountHHC\\entry\\src\\main\\resources\\base\\media\\yiliao.png","type":"file","isSymbolicLink":false,"fileMetaData":{"size":9372,"lastModifiedTime":1699948168000}},{"hashValue":"0fde4afb8c5fc78d7a8d9c3a51ef8f02","name":"yule.png","path":"E:\\DevEcoStudioProjects\\AccountHHC\\entry\\src\\main\\resources\\base\\media\\yule.png","type":"file","isSymbolicLink":false,"fileMetaData":{"size":5298,"lastModifiedTime":1700017252000}},{"hashValue":"a37a8cc39cc5ddc16ce47c1e97b197a4","name":"yundong.png","path":"E:\\DevEcoStudioProjects\\AccountHHC\\entry\\src\\main\\resources\\base\\media\\yundong.png","type":"file","isSymbolicLink":false,"fileMetaData":{"size":6045,"lastModifiedTime":1700017252000}},{"hashValue":"637a1b7cfe614fa0fe38f02bb584d061","name":"zhufang.png","path":"E:\\DevEcoStudioProjects\\AccountHHC\\entry\\src\\main\\resources\\base\\media\\zhufang.png","type":"file","isSymbolicLink":false,"fileMetaData":{"size":5700,"lastModifiedTime":1700017252000}}]},{"hashValue":"776a1f1cec2a693ff527a9fdf7d56b89","name":"profile","path":"E:\\DevEcoStudioProjects\\AccountHHC\\entry\\src\\main\\resources\\base\\profile","type":"directory","isSymbolicLink":false,"children":[{"hashValue":"3f5dcb180344e546f3af0409ab3153e1","name":"main_pages.json","path":"E:\\DevEcoStudioProjects\\AccountHHC\\entry\\src\\main\\resources\\base\\profile\\main_pages.json","type":"file","isSymbolicLink":false,"fileMetaData":{"size":37,"lastModifiedTime":1700469362599}}]}]},{"hashValue":"f4d23c87dec0894e4dab217b8ff51b73","name":"en_US","path":"E:\\DevEcoStudioProjects\\AccountHHC\\entry\\src\\main\\resources\\en_US","type":"directory","isSymbolicLink":false,"children":[{"hashValue":"75e22cfa5df5d99fd2f3bd17be1f9111","name":"element","path":"E:\\DevEcoStudioProjects\\AccountHHC\\entry\\src\\main\\resources\\en_US\\element","type":"directory","isSymbolicLink":false,"children":[{"hashValue":"9c7761d8df47bfee54e9ea76b60fcf73","name":"string.json","path":"E:\\DevEcoStudioProjects\\AccountHHC\\entry\\src\\main\\resources\\en_US\\element\\string.json","type":"file","isSymbolicLink":false,"fileMetaData":{"size":247,"lastModifiedTime":1699948652050}}]}]},{"hashValue":"","name":"rawfile","path":"E:\\DevEcoStudioProjects\\AccountHHC\\entry\\src\\main\\resources\\rawfile","type":"directory","isSymbolicLink":false,"children":[]},{"hashValue":"4b3bd22c4d12fea99f689356045b69ab","name":"zh_CN","path":"E:\\DevEcoStudioProjects\\AccountHHC\\entry\\src\\main\\resources\\zh_CN","type":"directory","isSymbolicLink":false,"children":[{"hashValue":"8d23339c272d62025c1141f7fe7a8b72","name":"element","path":"E:\\DevEcoStudioProjects\\AccountHHC\\entry\\src\\main\\resources\\zh_CN\\element","type":"directory","isSymbolicLink":false,"children":[{"hashValue":"bc2fce369679f49ec81d49a1360b12d2","name":"string.json","path":"E:\\DevEcoStudioProjects\\AccountHHC\\entry\\src\\main\\resources\\zh_CN\\element\\string.json","type":"file","isSymbolicLink":false,"fileMetaData":{"size":241,"lastModifiedTime":1699948652003}}]}]}]},"E:\\DevEcoStudioProjects\\AccountHHC\\AppScope\\resources":{"hashValue":"c46899b8b0a28557aac5885f0ee2e2c9","name":"resources","path":"E:\\DevEcoStudioProjects\\AccountHHC\\AppScope\\resources","type":"directory","isSymbolicLink":false,"children":[{"hashValue":"8733cfa6d93c5e9d1ede847aa9d257a5","name":"base","path":"E:\\DevEcoStudioProjects\\AccountHHC\\AppScope\\resources\\base","type":"directory","isSymbolicLink":false,"children":[{"hashValue":"c87f9781e19f2db0bb5c27b64e925f5a","name":"element","path":"E:\\DevEcoStudioProjects\\AccountHHC\\AppScope\\resources\\base\\element","type":"directory","isSymbolicLink":false,"children":[{"hashValue":"ad0f836823b8545b545d3743f123aac4","name":"string.json","path":"E:\\DevEcoStudioProjects\\AccountHHC\\AppScope\\resources\\base\\element\\string.json","type":"file","isSymbolicLink":false,"fileMetaData":{"size":96,"lastModifiedTime":1699948642503}}]},{"hashValue":"68af89a20e9da973e752442012b1edf6","name":"media","path":"E:\\DevEcoStudioProjects\\AccountHHC\\AppScope\\resources\\base\\media","type":"directory","isSymbolicLink":false,"children":[{"hashValue":"c14adc9c50abf6ba3bd74a6640326f23","name":"app_icon.png","path":"E:\\DevEcoStudioProjects\\AccountHHC\\AppScope\\resources\\base\\media\\app_icon.png","type":"file","isSymbolicLink":false,"fileMetaData":{"size":6790,"lastModifiedTime":1699948642483}}]}]}]},"E:\\DevEcoStudioProjects\\AccountHHC\\entry\\.preview\\default\\intermediates\\res\\default":{"hashValue":"f26b6a21178e43de40cc770b8259f0cd","name":"default","path":"E:\\DevEcoStudioProjects\\AccountHHC\\entry\\.preview\\default\\intermediates\\res\\default","type":"directory","isSymbolicLink":false,"children":[{"hashValue":"9da54733d366ec6874f248bd948bf7a7","name":"app_compiled","path":"E:\\DevEcoStudioProjects\\AccountHHC\\entry\\.preview\\default\\intermediates\\res\\default\\app_compiled","type":"directory","isSymbolicLink":false,"children":[{"hashValue":"f61bc62eb31c4623208c603f17e900ef","name":"3780593025218208989","path":"E:\\DevEcoStudioProjects\\AccountHHC\\entry\\.preview\\default\\intermediates\\res\\default\\app_compiled\\3780593025218208989","type":"file","isSymbolicLink":false,"fileMetaData":{"size":194,"lastModifiedTime":1700533763016}},{"hashValue":"da3c4fee492db679db620635382a92bc","name":"9348910670974156629","path":"E:\\DevEcoStudioProjects\\AccountHHC\\entry\\.preview\\default\\intermediates\\res\\default\\app_compiled\\9348910670974156629","type":"file","isSymbolicLink":false,"fileMetaData":{"size":124,"lastModifiedTime":1700533763015}}]},{"hashValue":"ba70751261288fa9fc4adbab750a6a9e","name":"module_compiled","path":"E:\\DevEcoStudioProjects\\AccountHHC\\entry\\.preview\\default\\intermediates\\res\\default\\module_compiled","type":"directory","isSymbolicLink":false,"children":[{"hashValue":"508c4c9c8bfe1c7814d9d5e6c1036cc8","name":"10172085703231427414","path":"E:\\DevEcoStudioProjects\\AccountHHC\\entry\\.preview\\default\\intermediates\\res\\default\\module_compiled\\10172085703231427414","type":"file","isSymbolicLink":false,"fileMetaData":{"size":200,"lastModifiedTime":1700533763047}},{"hashValue":"6782e18794e005c01ea6a7588c206d77","name":"10257026159421003961","path":"E:\\DevEcoStudioProjects\\AccountHHC\\entry\\.preview\\default\\intermediates\\res\\default\\module_compiled\\10257026159421003961","type":"file","isSymbolicLink":false,"fileMetaData":{"size":206,"lastModifiedTime":1700533763047}},{"hashValue":"def136cfee0fb4aca2a20db0ce54a976","name":"11428852767571542653","path":"E:\\DevEcoStudioProjects\\AccountHHC\\entry\\.preview\\default\\intermediates\\res\\default\\module_compiled\\11428852767571542653","type":"file","isSymbolicLink":false,"fileMetaData":{"size":1169,"lastModifiedTime":1700533763045}},{"hashValue":"4db6f0f6ca410b02f322c08e0a478bca","name":"11937810921381941731","path":"E:\\DevEcoStudioProjects\\AccountHHC\\entry\\.preview\\default\\intermediates\\res\\default\\module_compiled\\11937810921381941731","type":"file","isSymbolicLink":false,"fileMetaData":{"size":200,"lastModifiedTime":1700533763048}},{"hashValue":"e94c7acfd2eefda0a5f8738a4b13a3f8","name":"13031515751058558040","path":"E:\\DevEcoStudioProjects\\AccountHHC\\entry\\.preview\\default\\intermediates\\res\\default\\module_compiled\\13031515751058558040","type":"file","isSymbolicLink":false,"fileMetaData":{"size":197,"lastModifiedTime":1700533763051}},{"hashValue":"2be303ec970d1279420c4a078bb6d4f2","name":"14286908953641975859","path":"E:\\DevEcoStudioProjects\\AccountHHC\\entry\\.preview\\default\\intermediates\\res\\default\\module_compiled\\14286908953641975859","type":"file","isSymbolicLink":false,"fileMetaData":{"size":200,"lastModifiedTime":1700533763049}},{"hashValue":"bb76da25b2af8992ecad4e7b8293a303","name":"14591897500226677480","path":"E:\\DevEcoStudioProjects\\AccountHHC\\entry\\.preview\\default\\intermediates\\res\\default\\module_compiled\\14591897500226677480","type":"file","isSymbolicLink":false,"fileMetaData":{"size":194,"lastModifiedTime":1700533763054}},{"hashValue":"3409f3c938a1bc62ae4c85d34a86dab6","name":"15232916773335451598","path":"E:\\DevEcoStudioProjects\\AccountHHC\\entry\\.preview\\default\\intermediates\\res\\default\\module_compiled\\15232916773335451598","type":"file","isSymbolicLink":false,"fileMetaData":{"size":219,"lastModifiedTime":1700533763055}},{"hashValue":"c84775b78158b1a6e1e66413c833d3f8","name":"17549244653173761481","path":"E:\\DevEcoStudioProjects\\AccountHHC\\entry\\.preview\\default\\intermediates\\res\\default\\module_compiled\\17549244653173761481","type":"file","isSymbolicLink":false,"fileMetaData":{"size":197,"lastModifiedTime":1700533763053}},{"hashValue":"47a09d3924eb615428ded2f7e535da16","name":"18177526650203850002","path":"E:\\DevEcoStudioProjects\\AccountHHC\\entry\\.preview\\default\\intermediates\\res\\default\\module_compiled\\18177526650203850002","type":"file","isSymbolicLink":false,"fileMetaData":{"size":203,"lastModifiedTime":1700533763051}},{"hashValue":"a7a877413a00e24149f86ec5d2a462d0","name":"2278001545618578142","path":"E:\\DevEcoStudioProjects\\AccountHHC\\entry\\.preview\\default\\intermediates\\res\\default\\module_compiled\\2278001545618578142","type":"file","isSymbolicLink":false,"fileMetaData":{"size":194,"lastModifiedTime":1700533763050}},{"hashValue":"465f4e233bec39fb8a2c0f137114663e","name":"2870621827928791998","path":"E:\\DevEcoStudioProjects\\AccountHHC\\entry\\.preview\\default\\intermediates\\res\\default\\module_compiled\\2870621827928791998","type":"file","isSymbolicLink":false,"fileMetaData":{"size":464,"lastModifiedTime":1700533763057}},{"hashValue":"07bf1d67858bb9520e87259a820bf303","name":"3223557491707650447","path":"E:\\DevEcoStudioProjects\\AccountHHC\\entry\\.preview\\default\\intermediates\\res\\default\\module_compiled\\3223557491707650447","type":"file","isSymbolicLink":false,"fileMetaData":{"size":203,"lastModifiedTime":1700533763054}},{"hashValue":"826a743042b66fdcddeb3583090640cf","name":"3268451670184433867","path":"E:\\DevEcoStudioProjects\\AccountHHC\\entry\\.preview\\default\\intermediates\\res\\default\\module_compiled\\3268451670184433867","type":"file","isSymbolicLink":false,"fileMetaData":{"size":206,"lastModifiedTime":1700533763048}},{"hashValue":"4a9b256c4c022aa595832a7545c3748a","name":"4544903571586402244","path":"E:\\DevEcoStudioProjects\\AccountHHC\\entry\\.preview\\default\\intermediates\\res\\default\\module_compiled\\4544903571586402244","type":"file","isSymbolicLink":false,"fileMetaData":{"size":197,"lastModifiedTime":1700533763051}},{"hashValue":"c77a9f6f2a0db97ad8ee88df4541fe6f","name":"50951510965291459","path":"E:\\DevEcoStudioProjects\\AccountHHC\\entry\\.preview\\default\\intermediates\\res\\default\\module_compiled\\50951510965291459","type":"file","isSymbolicLink":false,"fileMetaData":{"size":203,"lastModifiedTime":1700533763047}},{"hashValue":"697121aa4c1951e70141ef38c56815ba","name":"525533228599056635","path":"E:\\DevEcoStudioProjects\\AccountHHC\\entry\\.preview\\default\\intermediates\\res\\default\\module_compiled\\525533228599056635","type":"file","isSymbolicLink":false,"fileMetaData":{"size":203,"lastModifiedTime":1700533763050}},{"hashValue":"0c3f5df3aef3661f9b507af64861e90d","name":"6108532614864530774","path":"E:\\DevEcoStudioProjects\\AccountHHC\\entry\\.preview\\default\\intermediates\\res\\default\\module_compiled\\6108532614864530774","type":"file","isSymbolicLink":false,"fileMetaData":{"size":200,"lastModifiedTime":1700533763050}},{"hashValue":"046fa188a080f9f801514c24e2d802a0","name":"6254292960442996137","path":"E:\\DevEcoStudioProjects\\AccountHHC\\entry\\.preview\\default\\intermediates\\res\\default\\module_compiled\\6254292960442996137","type":"file","isSymbolicLink":false,"fileMetaData":{"size":470,"lastModifiedTime":1700533763056}},{"hashValue":"664b4a4dc9d244239d2fa665015972ec","name":"7165627207412878076","path":"E:\\DevEcoStudioProjects\\AccountHHC\\entry\\.preview\\default\\intermediates\\res\\default\\module_compiled\\7165627207412878076","type":"file","isSymbolicLink":false,"fileMetaData":{"size":191,"lastModifiedTime":1700533763046}},{"hashValue":"ac94bb84795707cb56b53f2f9b5613bc","name":"7745933748102587847","path":"E:\\DevEcoStudioProjects\\AccountHHC\\entry\\.preview\\default\\intermediates\\res\\default\\module_compiled\\7745933748102587847","type":"file","isSymbolicLink":false,"fileMetaData":{"size":203,"lastModifiedTime":1700533763054}},{"hashValue":"08908db8f560310d4ad1843842603c73","name":"7763936326701136009","path":"E:\\DevEcoStudioProjects\\AccountHHC\\entry\\.preview\\default\\intermediates\\res\\default\\module_compiled\\7763936326701136009","type":"file","isSymbolicLink":false,"fileMetaData":{"size":194,"lastModifiedTime":1700533763052}},{"hashValue":"e53c0d3e8dfc7aca0b9ee2c692e3ff04","name":"8161716402574507675","path":"E:\\DevEcoStudioProjects\\AccountHHC\\entry\\.preview\\default\\intermediates\\res\\default\\module_compiled\\8161716402574507675","type":"file","isSymbolicLink":false,"fileMetaData":{"size":197,"lastModifiedTime":1700533763049}},{"hashValue":"deb4b8ba2943daf3cf44a5d42dd2668f","name":"8162768210555311733","path":"E:\\DevEcoStudioProjects\\AccountHHC\\entry\\.preview\\default\\intermediates\\res\\default\\module_compiled\\8162768210555311733","type":"file","isSymbolicLink":false,"fileMetaData":{"size":910,"lastModifiedTime":1700533763045}},{"hashValue":"d4d40ed31511547d749e7a83d37954fc","name":"8221302080988255593","path":"E:\\DevEcoStudioProjects\\AccountHHC\\entry\\.preview\\default\\intermediates\\res\\default\\module_compiled\\8221302080988255593","type":"file","isSymbolicLink":false,"fileMetaData":{"size":200,"lastModifiedTime":1700533763049}},{"hashValue":"2d49fb616d4b684b5c6ec9bac7918d41","name":"8648383825083188758","path":"E:\\DevEcoStudioProjects\\AccountHHC\\entry\\.preview\\default\\intermediates\\res\\default\\module_compiled\\8648383825083188758","type":"file","isSymbolicLink":false,"fileMetaData":{"size":200,"lastModifiedTime":1700533763052}},{"hashValue":"d02d53bf85aaa0950ca88b7a0d09cd85","name":"90330519629680424","path":"E:\\DevEcoStudioProjects\\AccountHHC\\entry\\.preview\\default\\intermediates\\res\\default\\module_compiled\\90330519629680424","type":"file","isSymbolicLink":false,"fileMetaData":{"size":200,"lastModifiedTime":1700533763053}},{"hashValue":"892b841f670785f27ec32dff6ae6a6c2","name":"9556030245483341570","path":"E:\\DevEcoStudioProjects\\AccountHHC\\entry\\.preview\\default\\intermediates\\res\\default\\module_compiled\\9556030245483341570","type":"file","isSymbolicLink":false,"fileMetaData":{"size":200,"lastModifiedTime":1700533763053}}]},{"hashValue":"acfcb59a1206fa87917062aca61031c0","name":"module.json","path":"E:\\DevEcoStudioProjects\\AccountHHC\\entry\\.preview\\default\\intermediates\\res\\default\\module.json","type":"file","isSymbolicLink":false,"fileMetaData":{"size":2046,"lastModifiedTime":1700533763117}},{"hashValue":"a7eb9bf336b328069519c309d5ae6207","name":"resources","path":"E:\\DevEcoStudioProjects\\AccountHHC\\entry\\.preview\\default\\intermediates\\res\\default\\resources","type":"directory","isSymbolicLink":false,"children":[{"hashValue":"5350f7008cab287877a7ec151919a784","name":"base","path":"E:\\DevEcoStudioProjects\\AccountHHC\\entry\\.preview\\default\\intermediates\\res\\default\\resources\\base","type":"directory","isSymbolicLink":false,"children":[{"hashValue":"26c59da9ba0d9cf70f7668e5b5529db0","name":"profile","path":"E:\\DevEcoStudioProjects\\AccountHHC\\entry\\.preview\\default\\intermediates\\res\\default\\resources\\base\\profile","type":"directory","isSymbolicLink":false,"children":[{"hashValue":"48f8bb45e250b955caa93aeba81b0bde","name":"main_pages.json","path":"E:\\DevEcoStudioProjects\\AccountHHC\\entry\\.preview\\default\\intermediates\\res\\default\\resources\\base\\profile\\main_pages.json","type":"file","isSymbolicLink":false,"fileMetaData":{"size":23,"lastModifiedTime":1700533770104}}]}]}]},{"hashValue":"cb16e9cc698de764e759581cace6c561","name":"resources.index","path":"E:\\DevEcoStudioProjects\\AccountHHC\\entry\\.preview\\default\\intermediates\\res\\default\\resources.index","type":"file","isSymbolicLink":false,"fileMetaData":{"size":4120,"lastModifiedTime":1700533763116}},{"hashValue":"3dcf854478922d4fa5f48fff297529c9","name":"ResourceTable.txt","path":"E:\\DevEcoStudioProjects\\AccountHHC\\entry\\.preview\\default\\intermediates\\res\\default\\ResourceTable.txt","type":"file","isSymbolicLink":false,"fileMetaData":{"size":1084,"lastModifiedTime":1700533763118}}]},"E:\\DevEcoStudioProjects\\AccountHHC\\entry\\.preview\\default\\generated\\r\\default\\ResourceTable.h":{"hashValue":"f5f414c2ebe8f249dc6cddaa628d9b67","name":"ResourceTable.h","path":"E:\\DevEcoStudioProjects\\AccountHHC\\entry\\.preview\\default\\generated\\r\\default\\ResourceTable.h","type":"file","isSymbolicLink":false,"fileMetaData":{"size":2504,"lastModifiedTime":1700533763117}},"E:\\DevEcoStudioProjects\\AccountHHC\\entry\\.preview\\default\\generated\\r\\default":{"hashValue":"4fdc9e370e72595a7eca2862e9e063da","name":"default","path":"E:\\DevEcoStudioProjects\\AccountHHC\\entry\\.preview\\default\\generated\\r\\default","type":"directory","isSymbolicLink":false,"children":[{"hashValue":"f5f414c2ebe8f249dc6cddaa628d9b67","name":"ResourceTable.h","path":"E:\\DevEcoStudioProjects\\AccountHHC\\entry\\.preview\\default\\generated\\r\\default\\ResourceTable.h","type":"file","isSymbolicLink":false,"fileMetaData":{"size":2504,"lastModifiedTime":1700533763117}}]},"E:\\DevEcoStudioProjects\\AccountHHC\\entry\\.preview\\config\\buildConfig.json":{"hashValue":"74cb78ef258832cae15b62044255a546","name":"buildConfig.json","path":"E:\\DevEcoStudioProjects\\AccountHHC\\entry\\.preview\\config\\buildConfig.json","type":"file","isSymbolicLink":false,"fileMetaData":{"size":1751,"lastModifiedTime":1700533799004}},"E:\\DevEcoStudioProjects\\AccountHHC\\entry\\.preview\\default\\intermediates\\res\\default\\module.json":{"hashValue":"acfcb59a1206fa87917062aca61031c0","name":"module.json","path":"E:\\DevEcoStudioProjects\\AccountHHC\\entry\\.preview\\default\\intermediates\\res\\default\\module.json","type":"file","isSymbolicLink":false,"fileMetaData":{"size":2046,"lastModifiedTime":1700533763117}},"E:\\DevEcoStudioProjects\\AccountHHC\\entry\\.preview\\default\\intermediates\\res\\default\\resources\\base\\profile\\main_pages.json":{"hashValue":"edf097d8d88fd156cb594b0f55b96e2f","name":"main_pages.json","path":"E:\\DevEcoStudioProjects\\AccountHHC\\entry\\.preview\\default\\intermediates\\res\\default\\resources\\base\\profile\\main_pages.json","type":"file","isSymbolicLink":false,"fileMetaData":{"size":23,"lastModifiedTime":1700533803995}},"E:\\DevEcoStudioProjects\\AccountHHC\\entry\\.preview\\default\\intermediates\\loader\\default":{"hashValue":"425e44e912df6f942d7f030412816de3","name":"default","path":"E:\\DevEcoStudioProjects\\AccountHHC\\entry\\.preview\\default\\intermediates\\loader\\default","type":"directory","isSymbolicLink":false,"children":[{"hashValue":"553de22b109f9967c5ab24e867b755b6","name":"loader.json","path":"E:\\DevEcoStudioProjects\\AccountHHC\\entry\\.preview\\default\\intermediates\\loader\\default\\loader.json","type":"file","isSymbolicLink":false,"fileMetaData":{"size":357,"lastModifiedTime":1700533762811}}]},"E:\\DevEcoStudioProjects\\AccountHHC\\entry\\.preview\\default\\intermediates\\res\\default\\ResourceTable.txt":{"hashValue":"3dcf854478922d4fa5f48fff297529c9","name":"ResourceTable.txt","path":"E:\\DevEcoStudioProjects\\AccountHHC\\entry\\.preview\\default\\intermediates\\res\\default\\ResourceTable.txt","type":"file","isSymbolicLink":false,"fileMetaData":{"size":1084,"lastModifiedTime":1700533763118}},"E:\\DevEcoStudioProjects\\AccountHHC\\entry\\.preview\\default\\intermediates\\res\\default\\resources\\base\\profile":{"hashValue":"c5eb86ab61b8b78380da95def1b32a9f","name":"profile","path":"E:\\DevEcoStudioProjects\\AccountHHC\\entry\\.preview\\default\\intermediates\\res\\default\\resources\\base\\profile","type":"directory","isSymbolicLink":false,"children":[{"hashValue":"a2a1ef6e9e5d680466a32a9cc9ff5165","name":"main_pages.json","path":"E:\\DevEcoStudioProjects\\AccountHHC\\entry\\.preview\\default\\intermediates\\res\\default\\resources\\base\\profile\\main_pages.json","type":"file","isSymbolicLink":false,"fileMetaData":{"size":23,"lastModifiedTime":1700533799535}}]},"E:\\DevEcoStudioProjects\\AccountHHC\\entry\\src\\main\\ets":{"hashValue":"23d13397088ae8a00dea11b4b8b02492","name":"ets","path":"E:\\DevEcoStudioProjects\\AccountHHC\\entry\\src\\main\\ets","type":"directory","isSymbolicLink":false,"children":[{"hashValue":"7659160305784ff708384d9acf8a3583","name":"common","path":"E:\\DevEcoStudioProjects\\AccountHHC\\entry\\src\\main\\ets\\common","type":"directory","isSymbolicLink":false,"children":[{"hashValue":"9402a71312d4ee604b886a912319bb6f","name":"constants","path":"E:\\DevEcoStudioProjects\\AccountHHC\\entry\\src\\main\\ets\\common\\constants","type":"directory","isSymbolicLink":false,"children":[{"hashValue":"a0c6310b7bc8b7296c2c5c1707a7a766","name":"CommonConstants.ets","path":"E:\\DevEcoStudioProjects\\AccountHHC\\entry\\src\\main\\ets\\common\\constants\\CommonConstants.ets","type":"file","isSymbolicLink":false,"fileMetaData":{"size":2142,"lastModifiedTime":1700721380479}}]},{"hashValue":"53e60486683eee5257b3bc344ee75d85","name":"database","path":"E:\\DevEcoStudioProjects\\AccountHHC\\entry\\src\\main\\ets\\common\\database","type":"directory","isSymbolicLink":false,"children":[{"hashValue":"","name":"Preference","path":"E:\\DevEcoStudioProjects\\AccountHHC\\entry\\src\\main\\ets\\common\\database\\Preference","type":"directory","isSymbolicLink":false,"children":[]},{"hashValue":"9a2dc8a7166737c481d5003e6b7dd0a3","name":"PreferencesUtil.ets","path":"E:\\DevEcoStudioProjects\\AccountHHC\\entry\\src\\main\\ets\\common\\database\\PreferencesUtil.ets","type":"file","isSymbolicLink":false,"fileMetaData":{"size":2932,"lastModifiedTime":1700900228979}},{"hashValue":"1dd361764c5a8043a2b1c7f762d37c2d","name":"Rdb.ets","path":"E:\\DevEcoStudioProjects\\AccountHHC\\entry\\src\\main\\ets\\common\\database\\Rdb.ets","type":"file","isSymbolicLink":false,"fileMetaData":{"size":5067,"lastModifiedTime":1700221875651}},{"hashValue":"ebb417d85e9b990d44975f89285648d9","name":"tables","path":"E:\\DevEcoStudioProjects\\AccountHHC\\entry\\src\\main\\ets\\common\\database\\tables","type":"directory","isSymbolicLink":false,"children":[{"hashValue":"ef81aa51a194d47eb97280f7dc758f90","name":"AccountTable.ets","path":"E:\\DevEcoStudioProjects\\AccountHHC\\entry\\src\\main\\ets\\common\\database\\tables\\AccountTable.ets","type":"file","isSymbolicLink":false,"fileMetaData":{"size":6564,"lastModifiedTime":1700883629057}}]}]},{"hashValue":"47e9cfcaa8da0161cb1221699c771b7d","name":"utils","path":"E:\\DevEcoStudioProjects\\AccountHHC\\entry\\src\\main\\ets\\common\\utils","type":"directory","isSymbolicLink":false,"children":[{"hashValue":"29b6d97905f977db66dd8786ccec8dbe","name":"GlobalContext.ets","path":"E:\\DevEcoStudioProjects\\AccountHHC\\entry\\src\\main\\ets\\common\\utils\\GlobalContext.ets","type":"file","isSymbolicLink":false,"fileMetaData":{"size":1156,"lastModifiedTime":1694053406000}},{"hashValue":"8f681ec80f55ad0c61182a20b0b70a8a","name":"Logger.ets","path":"E:\\DevEcoStudioProjects\\AccountHHC\\entry\\src\\main\\ets\\common\\utils\\Logger.ets","type":"file","isSymbolicLink":false,"fileMetaData":{"size":1569,"lastModifiedTime":1693898104000}}]}]},{"hashValue":"f7bf8c770463be11d44732663f33466e","name":"entryability","path":"E:\\DevEcoStudioProjects\\AccountHHC\\entry\\src\\main\\ets\\entryability","type":"directory","isSymbolicLink":false,"children":[{"hashValue":"afcc722cdf8f5c792ed2c759b43f812d","name":"EntryAbility.ets","path":"E:\\DevEcoStudioProjects\\AccountHHC\\entry\\src\\main\\ets\\entryability\\EntryAbility.ets","type":"file","isSymbolicLink":false,"fileMetaData":{"size":2615,"lastModifiedTime":1700545934726}}]},{"hashValue":"37fd9fa9418fab96da94264874fab331","name":"pages","path":"E:\\DevEcoStudioProjects\\AccountHHC\\entry\\src\\main\\ets\\pages","type":"directory","isSymbolicLink":false,"children":[{"hashValue":"676f07e87c6c37d564f0f8df86aadf02","name":"Index.ets","path":"E:\\DevEcoStudioProjects\\AccountHHC\\entry\\src\\main\\ets\\pages\\Index.ets","type":"file","isSymbolicLink":false,"fileMetaData":{"size":7810,"lastModifiedTime":1700810028918}}]},{"hashValue":"d3fd795bd57632323c7548afa5848dea","name":"view","path":"E:\\DevEcoStudioProjects\\AccountHHC\\entry\\src\\main\\ets\\view","type":"directory","isSymbolicLink":false,"children":[{"hashValue":"33ecf14fe5d8fdc34bec1efa52a1c677","name":"AddRecord.ets","path":"E:\\DevEcoStudioProjects\\AccountHHC\\entry\\src\\main\\ets\\view\\AddRecord.ets","type":"file","isSymbolicLink":false,"fileMetaData":{"size":60,"lastModifiedTime":1700812917228}},{"hashValue":"ab3a93a4862f0e04320c7df50ae06e50","name":"AddRecord.js.map","path":"E:\\DevEcoStudioProjects\\AccountHHC\\entry\\src\\main\\ets\\view\\AddRecord.js.map","type":"file","isSymbolicLink":false,"fileMetaData":{"size":170,"lastModifiedTime":1700047989054}},{"hashValue":"8fe711026ee4ce632e74c83e99a7e746","name":"Luru.ets","path":"E:\\DevEcoStudioProjects\\AccountHHC\\entry\\src\\main\\ets\\view\\Luru.ets","type":"file","isSymbolicLink":false,"fileMetaData":{"size":3486,"lastModifiedTime":1700546197895}},{"hashValue":"b245ed557d75f046a94973657a7ba112","name":"Record.ets","path":"E:\\DevEcoStudioProjects\\AccountHHC\\entry\\src\\main\\ets\\view\\Record.ets","type":"file","isSymbolicLink":false,"fileMetaData":{"size":30946,"lastModifiedTime":1700810092475}},{"hashValue":"5f6fb69d2877b79f71ee11e5d099347b","name":"Record.js.map","path":"E:\\DevEcoStudioProjects\\AccountHHC\\entry\\src\\main\\ets\\view\\Record.js.map","type":"file","isSymbolicLink":false,"fileMetaData":{"size":194,"lastModifiedTime":1700047989055}},{"hashValue":"0eec3f27ebb2c4cb1b1ec8a43962bf4e","name":"shouru.ets","path":"E:\\DevEcoStudioProjects\\AccountHHC\\entry\\src\\main\\ets\\view\\shouru.ets","type":"file","isSymbolicLink":false,"fileMetaData":{"size":6806,"lastModifiedTime":1700808837578}},{"hashValue":"301b068564d7e769149635a6ac19ca2b","name":"shouru.js.map","path":"E:\\DevEcoStudioProjects\\AccountHHC\\entry\\src\\main\\ets\\view\\shouru.js.map","type":"file","isSymbolicLink":false,"fileMetaData":{"size":249,"lastModifiedTime":1700047989063}},{"hashValue":"69876eecfc77c32179a9ac47945f8fca","name":"User.ets","path":"E:\\DevEcoStudioProjects\\AccountHHC\\entry\\src\\main\\ets\\view\\User.ets","type":"file","isSymbolicLink":false,"fileMetaData":{"size":5817,"lastModifiedTime":1700900597535}},{"hashValue":"b8c5eea691aebd32c919dbb7229c43c7","name":"User.js.map","path":"E:\\DevEcoStudioProjects\\AccountHHC\\entry\\src\\main\\ets\\view\\User.js.map","type":"file","isSymbolicLink":false,"fileMetaData":{"size":190,"lastModifiedTime":1700047989065}},{"hashValue":"47fe21bfc0bf8ef17933e5d6fa1f6e3b","name":"zhichu.ets","path":"E:\\DevEcoStudioProjects\\AccountHHC\\entry\\src\\main\\ets\\view\\zhichu.ets","type":"file","isSymbolicLink":false,"fileMetaData":{"size":6979,"lastModifiedTime":1700577449372}}]},{"hashValue":"e7bb1d48f87fbec74c99e03bcc4381ca","name":"viewmodule","path":"E:\\DevEcoStudioProjects\\AccountHHC\\entry\\src\\main\\ets\\viewmodule","type":"directory","isSymbolicLink":false,"children":[{"hashValue":"0af9c151ebebca400de18732882e6234","name":"DataModule.ets","path":"E:\\DevEcoStudioProjects\\AccountHHC\\entry\\src\\main\\ets\\viewmodule\\DataModule.ets","type":"file","isSymbolicLink":false,"fileMetaData":{"size":2624,"lastModifiedTime":1700883693163}},{"hashValue":"32d242ad4bac54e773e8d46c44a2bb41","name":"DataModule.js.map","path":"E:\\DevEcoStudioProjects\\AccountHHC\\entry\\src\\main\\ets\\viewmodule\\DataModule.js.map","type":"file","isSymbolicLink":false,"fileMetaData":{"size":717,"lastModifiedTime":1700047989061}},{"hashValue":"cf6b32a6907f166ecd59ccc5575b1c29","name":"ItemData.ets","path":"E:\\DevEcoStudioProjects\\AccountHHC\\entry\\src\\main\\ets\\viewmodule\\ItemData.ets","type":"file","isSymbolicLink":false,"fileMetaData":{"size":554,"lastModifiedTime":1700819443779}},{"hashValue":"f010ef2b79dd97d9cb6f67adde231083","name":"ItemData.js.map","path":"E:\\DevEcoStudioProjects\\AccountHHC\\entry\\src\\main\\ets\\viewmodule\\ItemData.js.map","type":"file","isSymbolicLink":false,"fileMetaData":{"size":305,"lastModifiedTime":1700047989056}},{"hashValue":"186c682f9d2be3d5ebdcf2b783a29bb2","name":"RecordData.ets","path":"E:\\DevEcoStudioProjects\\AccountHHC\\entry\\src\\main\\ets\\viewmodule\\RecordData.ets","type":"file","isSymbolicLink":false,"fileMetaData":{"size":1263,"lastModifiedTime":1700819571586}}]}]},"E:\\DevEcoStudioProjects\\AccountHHC\\entry\\build\\default\\intermediates\\hap_metadata\\default\\output_metadata.json":{"hashValue":"3aa9b4823981ea7315d5b04c92f9a28c","name":"output_metadata.json","path":"E:\\DevEcoStudioProjects\\AccountHHC\\entry\\build\\default\\intermediates\\hap_metadata\\default\\output_metadata.json","type":"file","isSymbolicLink":false,"fileMetaData":{"size":93,"lastModifiedTime":1700545917885}},"E:\\DevEcoStudioProjects\\AccountHHC\\entry\\build\\default\\intermediates\\merge_profile\\default\\module.json":{"hashValue":"81f54046535ceced93f6826264656c2c","name":"module.json","path":"E:\\DevEcoStudioProjects\\AccountHHC\\entry\\build\\default\\intermediates\\merge_profile\\default\\module.json","type":"file","isSymbolicLink":false,"fileMetaData":{"size":1061,"lastModifiedTime":1700545917892}},"E:\\DevEcoStudioProjects\\AccountHHC\\entry\\build\\default\\intermediates\\loader\\default\\loader.json":{"hashValue":"dd1c174db83e38da7f869be5fe12b7f4","name":"loader.json","path":"E:\\DevEcoStudioProjects\\AccountHHC\\entry\\build\\default\\intermediates\\loader\\default\\loader.json","type":"file","isSymbolicLink":false,"fileMetaData":{"size":354,"lastModifiedTime":1700533835182}},"E:\\DevEcoStudioProjects\\AccountHHC\\entry\\build\\default\\outputs\\default\\pack.info":{"hashValue":"83d60fc002dce987a2f97761c7b77ac7","name":"pack.info","path":"E:\\DevEcoStudioProjects\\AccountHHC\\entry\\build\\default\\outputs\\default\\pack.info","type":"file","isSymbolicLink":false,"fileMetaData":{"size":540,"lastModifiedTime":1700545917903}},"E:\\DevEcoStudioProjects\\AccountHHC\\entry\\build\\default\\intermediates\\process_profile\\default\\module.json":{"hashValue":"9106ab02c4a74fae716a4e9390105ec4","name":"module.json","path":"E:\\DevEcoStudioProjects\\AccountHHC\\entry\\build\\default\\intermediates\\process_profile\\default\\module.json","type":"file","isSymbolicLink":false,"fileMetaData":{"size":1146,"lastModifiedTime":1700545917997}},"E:\\DevEcoStudioProjects\\AccountHHC\\entry\\build\\default\\intermediates\\res\\default\\resConfig.json":{"hashValue":"701564951fd1fde3d26b09affc4fd71f","name":"resConfig.json","path":"E:\\DevEcoStudioProjects\\AccountHHC\\entry\\build\\default\\intermediates\\res\\default\\resConfig.json","type":"file","isSymbolicLink":false,"fileMetaData":{"size":600,"lastModifiedTime":1700240251986}},"E:\\DevEcoStudioProjects\\AccountHHC\\entry\\build\\default\\intermediates\\libs\\default":{"hashValue":"","name":"default","path":"E:\\DevEcoStudioProjects\\AccountHHC\\entry\\build\\default\\intermediates\\libs\\default","type":"directory","isSymbolicLink":false,"children":[]},"E:\\DevEcoStudioProjects\\AccountHHC\\entry\\build\\default\\intermediates\\res\\default":{"hashValue":"ce7e2c39d60d8a43091809d14f8f14dd","name":"default","path":"E:\\DevEcoStudioProjects\\AccountHHC\\entry\\build\\default\\intermediates\\res\\default","type":"directory","isSymbolicLink":false,"children":[{"hashValue":"e4a19304ff6458603dd49bdb6ecf3b31","name":"module.json","path":"E:\\DevEcoStudioProjects\\AccountHHC\\entry\\build\\default\\intermediates\\res\\default\\module.json","type":"file","isSymbolicLink":false,"fileMetaData":{"size":2047,"lastModifiedTime":1700725111741}},{"hashValue":"701564951fd1fde3d26b09affc4fd71f","name":"resConfig.json","path":"E:\\DevEcoStudioProjects\\AccountHHC\\entry\\build\\default\\intermediates\\res\\default\\resConfig.json","type":"file","isSymbolicLink":false,"fileMetaData":{"size":600,"lastModifiedTime":1700240251986}},{"hashValue":"6693ef54691bd25e200deceb14bcc04e","name":"resources","path":"E:\\DevEcoStudioProjects\\AccountHHC\\entry\\build\\default\\intermediates\\res\\default\\resources","type":"directory","isSymbolicLink":false,"children":[{"hashValue":"efaf517f83f62721908f08efdeb33c4f","name":"base","path":"E:\\DevEcoStudioProjects\\AccountHHC\\entry\\build\\default\\intermediates\\res\\default\\resources\\base","type":"directory","isSymbolicLink":false,"children":[{"hashValue":"937a425f545c5e731bbac836cad0987d","name":"media","path":"E:\\DevEcoStudioProjects\\AccountHHC\\entry\\build\\default\\intermediates\\res\\default\\resources\\base\\media","type":"directory","isSymbolicLink":false,"children":[{"hashValue":"17ce57aed652fd12ab3004fc663e718f","name":"Add.png","path":"E:\\DevEcoStudioProjects\\AccountHHC\\entry\\build\\default\\intermediates\\res\\default\\resources\\base\\media\\Add.png","type":"file","isSymbolicLink":false,"fileMetaData":{"size":12916,"lastModifiedTime":1699948168000}},{"hashValue":"c14adc9c50abf6ba3bd74a6640326f23","name":"app_icon.png","path":"E:\\DevEcoStudioProjects\\AccountHHC\\entry\\build\\default\\intermediates\\res\\default\\resources\\base\\media\\app_icon.png","type":"file","isSymbolicLink":false,"fileMetaData":{"size":6790,"lastModifiedTime":1699948642483}},{"hashValue":"815dac58e41eb3d037d19c8533a7b792","name":"Calendar.png","path":"E:\\DevEcoStudioProjects\\AccountHHC\\entry\\build\\default\\intermediates\\res\\default\\resources\\base\\media\\Calendar.png","type":"file","isSymbolicLink":false,"fileMetaData":{"size":14227,"lastModifiedTime":1699948168000}},{"hashValue":"f088c484ce95c38083b1ae4bfca8f546","name":"canyin.png","path":"E:\\DevEcoStudioProjects\\AccountHHC\\entry\\build\\default\\intermediates\\res\\default\\resources\\base\\media\\canyin.png","type":"file","isSymbolicLink":false,"fileMetaData":{"size":4949,"lastModifiedTime":1700017252000}},{"hashValue":"ca0086bbb32aa57aac01c4bc0503787b","name":"chuxing.png","path":"E:\\DevEcoStudioProjects\\AccountHHC\\entry\\build\\default\\intermediates\\res\\default\\resources\\base\\media\\chuxing.png","type":"file","isSymbolicLink":false,"fileMetaData":{"size":6746,"lastModifiedTime":1700017252000}},{"hashValue":"fff0578819f40912507461e644a87528","name":"delete.png","path":"E:\\DevEcoStudioProjects\\AccountHHC\\entry\\build\\default\\intermediates\\res\\default\\resources\\base\\media\\delete.png","type":"file","isSymbolicLink":false,"fileMetaData":{"size":7908,"lastModifiedTime":1697790998000}},{"hashValue":"29e2ab598b3f805701285307999399b3","name":"Document.png","path":"E:\\DevEcoStudioProjects\\AccountHHC\\entry\\build\\default\\intermediates\\res\\default\\resources\\base\\media\\Document.png","type":"file","isSymbolicLink":false,"fileMetaData":{"size":14165,"lastModifiedTime":1699948168000}},{"hashValue":"a16725be59721eda7e34e3b8495d5bf1","name":"Folder.png","path":"E:\\DevEcoStudioProjects\\AccountHHC\\entry\\build\\default\\intermediates\\res\\default\\resources\\base\\media\\Folder.png","type":"file","isSymbolicLink":false,"fileMetaData":{"size":10410,"lastModifiedTime":1699948168000}},{"hashValue":"22bd61c7ffd613ac165be46b3bd0bb86","name":"gongzi.png","path":"E:\\DevEcoStudioProjects\\AccountHHC\\entry\\build\\default\\intermediates\\res\\default\\resources\\base\\media\\gongzi.png","type":"file","isSymbolicLink":false,"fileMetaData":{"size":5488,"lastModifiedTime":1700017252000}},{"hashValue":"8b68db7ab7b5d1627078a2608bf44343","name":"gouwu.png","path":"E:\\DevEcoStudioProjects\\AccountHHC\\entry\\build\\default\\intermediates\\res\\default\\resources\\base\\media\\gouwu.png","type":"file","isSymbolicLink":false,"fileMetaData":{"size":5751,"lastModifiedTime":1700017252000}},{"hashValue":"fc3640e034a1ef06d075656280b9963c","name":"ic_public_refresh.png","path":"E:\\DevEcoStudioProjects\\AccountHHC\\entry\\build\\default\\intermediates\\res\\default\\resources\\base\\media\\ic_public_refresh.png","type":"file","isSymbolicLink":false,"fileMetaData":{"size":413,"lastModifiedTime":1700724996553}},{"hashValue":"e54c40b618679d97f9d171b9f8a7a92f","name":"icon.png","path":"E:\\DevEcoStudioProjects\\AccountHHC\\entry\\build\\default\\intermediates\\res\\default\\resources\\base\\media\\icon.png","type":"file","isSymbolicLink":false,"fileMetaData":{"size":6790,"lastModifiedTime":1699948643042}},{"hashValue":"be4c874dc92ddadd133dcfd8ac63e1b6","name":"jiangxu.jpg","path":"E:\\DevEcoStudioProjects\\AccountHHC\\entry\\build\\default\\intermediates\\res\\default\\resources\\base\\media\\jiangxu.jpg","type":"file","isSymbolicLink":false,"fileMetaData":{"size":10695,"lastModifiedTime":1700565414952}},{"hashValue":"32e5b4c2ffaad59316216b6361fae68b","name":"jianzhi.png","path":"E:\\DevEcoStudioProjects\\AccountHHC\\entry\\build\\default\\intermediates\\res\\default\\resources\\base\\media\\jianzhi.png","type":"file","isSymbolicLink":false,"fileMetaData":{"size":3087,"lastModifiedTime":1700017252000}},{"hashValue":"7892b6fac1b17894255a7f9b95fc8b57","name":"jiaoyu.png","path":"E:\\DevEcoStudioProjects\\AccountHHC\\entry\\build\\default\\intermediates\\res\\default\\resources\\base\\media\\jiaoyu.png","type":"file","isSymbolicLink":false,"fileMetaData":{"size":3680,"lastModifiedTime":1700017252000}},{"hashValue":"544c03e6b74b9e3daf1e4ef43bbb3f99","name":"licai.png","path":"E:\\DevEcoStudioProjects\\AccountHHC\\entry\\build\\default\\intermediates\\res\\default\\resources\\base\\media\\licai.png","type":"file","isSymbolicLink":false,"fileMetaData":{"size":6257,"lastModifiedTime":1700017252000}},{"hashValue":"0f19ab680cb56699bda5140589bf5c2c","name":"Paper.png","path":"E:\\DevEcoStudioProjects\\AccountHHC\\entry\\build\\default\\intermediates\\res\\default\\resources\\base\\media\\Paper.png","type":"file","isSymbolicLink":false,"fileMetaData":{"size":9926,"lastModifiedTime":1699948168000}},{"hashValue":"eedcbf910e98851905ab3a455834f4ee","name":"Profile.png","path":"E:\\DevEcoStudioProjects\\AccountHHC\\entry\\build\\default\\intermediates\\res\\default\\resources\\base\\media\\Profile.png","type":"file","isSymbolicLink":false,"fileMetaData":{"size":8865,"lastModifiedTime":1699948168000}},{"hashValue":"cf247e664b7ea228da66e938e49a301c","name":"qita.png","path":"E:\\DevEcoStudioProjects\\AccountHHC\\entry\\build\\default\\intermediates\\res\\default\\resources\\base\\media\\qita.png","type":"file","isSymbolicLink":false,"fileMetaData":{"size":5232,"lastModifiedTime":1700017252000}},{"hashValue":"ae2d5279d03c81cbde5b7b50eff174c0","name":"riyong.png","path":"E:\\DevEcoStudioProjects\\AccountHHC\\entry\\build\\default\\intermediates\\res\\default\\resources\\base\\media\\riyong.png","type":"file","isSymbolicLink":false,"fileMetaData":{"size":4251,"lastModifiedTime":1700017252000}},{"hashValue":"6c74cdec14583c4aa5022428e6296018","name":"shengxu.jpg","path":"E:\\DevEcoStudioProjects\\AccountHHC\\entry\\build\\default\\intermediates\\res\\default\\resources\\base\\media\\shengxu.jpg","type":"file","isSymbolicLink":false,"fileMetaData":{"size":16156,"lastModifiedTime":1700565478437}},{"hashValue":"f3e58388ecd038ef3f69c5462e4f06a9","name":"shuma.png","path":"E:\\DevEcoStudioProjects\\AccountHHC\\entry\\build\\default\\intermediates\\res\\default\\resources\\base\\media\\shuma.png","type":"file","isSymbolicLink":false,"fileMetaData":{"size":4059,"lastModifiedTime":1700017252000}},{"hashValue":"202d8c1cdfd067cbe5c3a988940781de","name":"Wallet.png","path":"E:\\DevEcoStudioProjects\\AccountHHC\\entry\\build\\default\\intermediates\\res\\default\\resources\\base\\media\\Wallet.png","type":"file","isSymbolicLink":false,"fileMetaData":{"size":11304,"lastModifiedTime":1699948168000}},{"hashValue":"5653386645b9a30546c050e86395cce6","name":"yiliao.png","path":"E:\\DevEcoStudioProjects\\AccountHHC\\entry\\build\\default\\intermediates\\res\\default\\resources\\base\\media\\yiliao.png","type":"file","isSymbolicLink":false,"fileMetaData":{"size":9372,"lastModifiedTime":1699948168000}},{"hashValue":"0fde4afb8c5fc78d7a8d9c3a51ef8f02","name":"yule.png","path":"E:\\DevEcoStudioProjects\\AccountHHC\\entry\\build\\default\\intermediates\\res\\default\\resources\\base\\media\\yule.png","type":"file","isSymbolicLink":false,"fileMetaData":{"size":5298,"lastModifiedTime":1700017252000}},{"hashValue":"a37a8cc39cc5ddc16ce47c1e97b197a4","name":"yundong.png","path":"E:\\DevEcoStudioProjects\\AccountHHC\\entry\\build\\default\\intermediates\\res\\default\\resources\\base\\media\\yundong.png","type":"file","isSymbolicLink":false,"fileMetaData":{"size":6045,"lastModifiedTime":1700017252000}},{"hashValue":"637a1b7cfe614fa0fe38f02bb584d061","name":"zhufang.png","path":"E:\\DevEcoStudioProjects\\AccountHHC\\entry\\build\\default\\intermediates\\res\\default\\resources\\base\\media\\zhufang.png","type":"file","isSymbolicLink":false,"fileMetaData":{"size":5700,"lastModifiedTime":1700017252000}}]},{"hashValue":"776a1f1cec2a693ff527a9fdf7d56b89","name":"profile","path":"E:\\DevEcoStudioProjects\\AccountHHC\\entry\\build\\default\\intermediates\\res\\default\\resources\\base\\profile","type":"directory","isSymbolicLink":false,"children":[{"hashValue":"3f5dcb180344e546f3af0409ab3153e1","name":"main_pages.json","path":"E:\\DevEcoStudioProjects\\AccountHHC\\entry\\build\\default\\intermediates\\res\\default\\resources\\base\\profile\\main_pages.json","type":"file","isSymbolicLink":false,"fileMetaData":{"size":37,"lastModifiedTime":1700469362599}}]}]},{"hashValue":"","name":"rawfile","path":"E:\\DevEcoStudioProjects\\AccountHHC\\entry\\build\\default\\intermediates\\res\\default\\resources\\rawfile","type":"directory","isSymbolicLink":false,"children":[]}]},{"hashValue":"38a111373b480032fe26d77a06673d91","name":"resources.index","path":"E:\\DevEcoStudioProjects\\AccountHHC\\entry\\build\\default\\intermediates\\res\\default\\resources.index","type":"file","isSymbolicLink":false,"fileMetaData":{"size":3305,"lastModifiedTime":1700725111742}},{"hashValue":"b29eb067fa1a391e320eb2abdc583ae8","name":"ResourceTable.txt","path":"E:\\DevEcoStudioProjects\\AccountHHC\\entry\\build\\default\\intermediates\\res\\default\\ResourceTable.txt","type":"file","isSymbolicLink":false,"fileMetaData":{"size":1198,"lastModifiedTime":1700725111740}}]},"E:\\DevEcoStudioProjects\\AccountHHC\\entry\\build\\default\\generated\\r\\default\\ResourceTable.h":{"hashValue":"b6a5d795b8e7cf2f928f14da629a3716","name":"ResourceTable.h","path":"E:\\DevEcoStudioProjects\\AccountHHC\\entry\\build\\default\\generated\\r\\default\\ResourceTable.h","type":"file","isSymbolicLink":false,"fileMetaData":{"size":2686,"lastModifiedTime":1700725111740}},"E:\\DevEcoStudioProjects\\AccountHHC\\entry\\build\\default\\generated\\r\\default":{"hashValue":"986bafe87a7bd9b4accd46592e226fa3","name":"default","path":"E:\\DevEcoStudioProjects\\AccountHHC\\entry\\build\\default\\generated\\r\\default","type":"directory","isSymbolicLink":false,"children":[{"hashValue":"b6a5d795b8e7cf2f928f14da629a3716","name":"ResourceTable.h","path":"E:\\DevEcoStudioProjects\\AccountHHC\\entry\\build\\default\\generated\\r\\default\\ResourceTable.h","type":"file","isSymbolicLink":false,"fileMetaData":{"size":2686,"lastModifiedTime":1700725111740}}]},"E:\\DevEcoStudioProjects\\AccountHHC\\entry\\build\\default\\intermediates\\loader\\default":{"hashValue":"da34a1eb1aac5892de068d5562ba1880","name":"default","path":"E:\\DevEcoStudioProjects\\AccountHHC\\entry\\build\\default\\intermediates\\loader\\default","type":"directory","isSymbolicLink":false,"children":[{"hashValue":"dd1c174db83e38da7f869be5fe12b7f4","name":"loader.json","path":"E:\\DevEcoStudioProjects\\AccountHHC\\entry\\build\\default\\intermediates\\loader\\default\\loader.json","type":"file","isSymbolicLink":false,"fileMetaData":{"size":354,"lastModifiedTime":1700533835182}}]},"E:\\DevEcoStudioProjects\\AccountHHC\\entry\\build\\default\\intermediates\\res\\default\\ResourceTable.txt":{"hashValue":"b29eb067fa1a391e320eb2abdc583ae8","name":"ResourceTable.txt","path":"E:\\DevEcoStudioProjects\\AccountHHC\\entry\\build\\default\\intermediates\\res\\default\\ResourceTable.txt","type":"file","isSymbolicLink":false,"fileMetaData":{"size":1198,"lastModifiedTime":1700725111740}},"E:\\DevEcoStudioProjects\\AccountHHC\\entry\\build\\default\\intermediates\\res\\default\\module.json":{"hashValue":"e4a19304ff6458603dd49bdb6ecf3b31","name":"module.json","path":"E:\\DevEcoStudioProjects\\AccountHHC\\entry\\build\\default\\intermediates\\res\\default\\module.json","type":"file","isSymbolicLink":false,"fileMetaData":{"size":2047,"lastModifiedTime":1700725111741}},"E:\\DevEcoStudioProjects\\AccountHHC\\entry\\build\\default\\intermediates\\res\\default\\resources\\base\\profile":{"hashValue":"776a1f1cec2a693ff527a9fdf7d56b89","name":"profile","path":"E:\\DevEcoStudioProjects\\AccountHHC\\entry\\build\\default\\intermediates\\res\\default\\resources\\base\\profile","type":"directory","isSymbolicLink":false,"children":[{"hashValue":"3f5dcb180344e546f3af0409ab3153e1","name":"main_pages.json","path":"E:\\DevEcoStudioProjects\\AccountHHC\\entry\\build\\default\\intermediates\\res\\default\\resources\\base\\profile\\main_pages.json","type":"file","isSymbolicLink":false,"fileMetaData":{"size":37,"lastModifiedTime":1700469362599}}]},"E:\\DevEcoStudioProjects\\AccountHHC\\entry\\build\\default\\intermediates\\loader_out\\default\\ets":{"hashValue":"f5b806281bcfde144ca8f8b1df9955ca","name":"ets","path":"E:\\DevEcoStudioProjects\\AccountHHC\\entry\\build\\default\\intermediates\\loader_out\\default\\ets","type":"directory","isSymbolicLink":false,"children":[{"hashValue":"98c0f5a26750aa67c1fe9d7fb11166dd","name":"modules.abc","path":"E:\\DevEcoStudioProjects\\AccountHHC\\entry\\build\\default\\intermediates\\loader_out\\default\\ets\\modules.abc","type":"file","isSymbolicLink":false,"fileMetaData":{"size":453848,"lastModifiedTime":1700902385334}},{"hashValue":"96521ed8ff113ad854252b0f14b3d668","name":"sourceMaps.map","path":"E:\\DevEcoStudioProjects\\AccountHHC\\entry\\build\\default\\intermediates\\loader_out\\default\\ets\\sourceMaps.map","type":"file","isSymbolicLink":false,"fileMetaData":{"size":473809,"lastModifiedTime":1700902385199}},{"hashValue":"a400138748d34940306f49feb2ce9ea8","name":"view","path":"E:\\DevEcoStudioProjects\\AccountHHC\\entry\\build\\default\\intermediates\\loader_out\\default\\ets\\view","type":"directory","isSymbolicLink":false,"children":[{"hashValue":"ab3a93a4862f0e04320c7df50ae06e50","name":"AddRecord.js.map","path":"E:\\DevEcoStudioProjects\\AccountHHC\\entry\\build\\default\\intermediates\\loader_out\\default\\ets\\view\\AddRecord.js.map","type":"file","isSymbolicLink":false,"fileMetaData":{"size":170,"lastModifiedTime":1700047989054}},{"hashValue":"5f6fb69d2877b79f71ee11e5d099347b","name":"Record.js.map","path":"E:\\DevEcoStudioProjects\\AccountHHC\\entry\\build\\default\\intermediates\\loader_out\\default\\ets\\view\\Record.js.map","type":"file","isSymbolicLink":false,"fileMetaData":{"size":194,"lastModifiedTime":1700047989055}},{"hashValue":"301b068564d7e769149635a6ac19ca2b","name":"shouru.js.map","path":"E:\\DevEcoStudioProjects\\AccountHHC\\entry\\build\\default\\intermediates\\loader_out\\default\\ets\\view\\shouru.js.map","type":"file","isSymbolicLink":false,"fileMetaData":{"size":249,"lastModifiedTime":1700047989063}},{"hashValue":"b8c5eea691aebd32c919dbb7229c43c7","name":"User.js.map","path":"E:\\DevEcoStudioProjects\\AccountHHC\\entry\\build\\default\\intermediates\\loader_out\\default\\ets\\view\\User.js.map","type":"file","isSymbolicLink":false,"fileMetaData":{"size":190,"lastModifiedTime":1700047989065}}]},{"hashValue":"ebe3a90c573732a5da150e0b17c78405","name":"viewmodule","path":"E:\\DevEcoStudioProjects\\AccountHHC\\entry\\build\\default\\intermediates\\loader_out\\default\\ets\\viewmodule","type":"directory","isSymbolicLink":false,"children":[{"hashValue":"32d242ad4bac54e773e8d46c44a2bb41","name":"DataModule.js.map","path":"E:\\DevEcoStudioProjects\\AccountHHC\\entry\\build\\default\\intermediates\\loader_out\\default\\ets\\viewmodule\\DataModule.js.map","type":"file","isSymbolicLink":false,"fileMetaData":{"size":717,"lastModifiedTime":1700047989061}},{"hashValue":"f010ef2b79dd97d9cb6f67adde231083","name":"ItemData.js.map","path":"E:\\DevEcoStudioProjects\\AccountHHC\\entry\\build\\default\\intermediates\\loader_out\\default\\ets\\viewmodule\\ItemData.js.map","type":"file","isSymbolicLink":false,"fileMetaData":{"size":305,"lastModifiedTime":1700047989056}}]}]},"E:\\DevEcoStudioProjects\\AccountHHC\\entry\\build\\default\\intermediates\\res\\default\\resources":{"hashValue":"6693ef54691bd25e200deceb14bcc04e","name":"resources","path":"E:\\DevEcoStudioProjects\\AccountHHC\\entry\\build\\default\\intermediates\\res\\default\\resources","type":"directory","isSymbolicLink":false,"children":[{"hashValue":"efaf517f83f62721908f08efdeb33c4f","name":"base","path":"E:\\DevEcoStudioProjects\\AccountHHC\\entry\\build\\default\\intermediates\\res\\default\\resources\\base","type":"directory","isSymbolicLink":false,"children":[{"hashValue":"937a425f545c5e731bbac836cad0987d","name":"media","path":"E:\\DevEcoStudioProjects\\AccountHHC\\entry\\build\\default\\intermediates\\res\\default\\resources\\base\\media","type":"directory","isSymbolicLink":false,"children":[{"hashValue":"17ce57aed652fd12ab3004fc663e718f","name":"Add.png","path":"E:\\DevEcoStudioProjects\\AccountHHC\\entry\\build\\default\\intermediates\\res\\default\\resources\\base\\media\\Add.png","type":"file","isSymbolicLink":false,"fileMetaData":{"size":12916,"lastModifiedTime":1699948168000}},{"hashValue":"c14adc9c50abf6ba3bd74a6640326f23","name":"app_icon.png","path":"E:\\DevEcoStudioProjects\\AccountHHC\\entry\\build\\default\\intermediates\\res\\default\\resources\\base\\media\\app_icon.png","type":"file","isSymbolicLink":false,"fileMetaData":{"size":6790,"lastModifiedTime":1699948642483}},{"hashValue":"815dac58e41eb3d037d19c8533a7b792","name":"Calendar.png","path":"E:\\DevEcoStudioProjects\\AccountHHC\\entry\\build\\default\\intermediates\\res\\default\\resources\\base\\media\\Calendar.png","type":"file","isSymbolicLink":false,"fileMetaData":{"size":14227,"lastModifiedTime":1699948168000}},{"hashValue":"f088c484ce95c38083b1ae4bfca8f546","name":"canyin.png","path":"E:\\DevEcoStudioProjects\\AccountHHC\\entry\\build\\default\\intermediates\\res\\default\\resources\\base\\media\\canyin.png","type":"file","isSymbolicLink":false,"fileMetaData":{"size":4949,"lastModifiedTime":1700017252000}},{"hashValue":"ca0086bbb32aa57aac01c4bc0503787b","name":"chuxing.png","path":"E:\\DevEcoStudioProjects\\AccountHHC\\entry\\build\\default\\intermediates\\res\\default\\resources\\base\\media\\chuxing.png","type":"file","isSymbolicLink":false,"fileMetaData":{"size":6746,"lastModifiedTime":1700017252000}},{"hashValue":"fff0578819f40912507461e644a87528","name":"delete.png","path":"E:\\DevEcoStudioProjects\\AccountHHC\\entry\\build\\default\\intermediates\\res\\default\\resources\\base\\media\\delete.png","type":"file","isSymbolicLink":false,"fileMetaData":{"size":7908,"lastModifiedTime":1697790998000}},{"hashValue":"29e2ab598b3f805701285307999399b3","name":"Document.png","path":"E:\\DevEcoStudioProjects\\AccountHHC\\entry\\build\\default\\intermediates\\res\\default\\resources\\base\\media\\Document.png","type":"file","isSymbolicLink":false,"fileMetaData":{"size":14165,"lastModifiedTime":1699948168000}},{"hashValue":"a16725be59721eda7e34e3b8495d5bf1","name":"Folder.png","path":"E:\\DevEcoStudioProjects\\AccountHHC\\entry\\build\\default\\intermediates\\res\\default\\resources\\base\\media\\Folder.png","type":"file","isSymbolicLink":false,"fileMetaData":{"size":10410,"lastModifiedTime":1699948168000}},{"hashValue":"22bd61c7ffd613ac165be46b3bd0bb86","name":"gongzi.png","path":"E:\\DevEcoStudioProjects\\AccountHHC\\entry\\build\\default\\intermediates\\res\\default\\resources\\base\\media\\gongzi.png","type":"file","isSymbolicLink":false,"fileMetaData":{"size":5488,"lastModifiedTime":1700017252000}},{"hashValue":"8b68db7ab7b5d1627078a2608bf44343","name":"gouwu.png","path":"E:\\DevEcoStudioProjects\\AccountHHC\\entry\\build\\default\\intermediates\\res\\default\\resources\\base\\media\\gouwu.png","type":"file","isSymbolicLink":false,"fileMetaData":{"size":5751,"lastModifiedTime":1700017252000}},{"hashValue":"fc3640e034a1ef06d075656280b9963c","name":"ic_public_refresh.png","path":"E:\\DevEcoStudioProjects\\AccountHHC\\entry\\build\\default\\intermediates\\res\\default\\resources\\base\\media\\ic_public_refresh.png","type":"file","isSymbolicLink":false,"fileMetaData":{"size":413,"lastModifiedTime":1700724996553}},{"hashValue":"e54c40b618679d97f9d171b9f8a7a92f","name":"icon.png","path":"E:\\DevEcoStudioProjects\\AccountHHC\\entry\\build\\default\\intermediates\\res\\default\\resources\\base\\media\\icon.png","type":"file","isSymbolicLink":false,"fileMetaData":{"size":6790,"lastModifiedTime":1699948643042}},{"hashValue":"be4c874dc92ddadd133dcfd8ac63e1b6","name":"jiangxu.jpg","path":"E:\\DevEcoStudioProjects\\AccountHHC\\entry\\build\\default\\intermediates\\res\\default\\resources\\base\\media\\jiangxu.jpg","type":"file","isSymbolicLink":false,"fileMetaData":{"size":10695,"lastModifiedTime":1700565414952}},{"hashValue":"32e5b4c2ffaad59316216b6361fae68b","name":"jianzhi.png","path":"E:\\DevEcoStudioProjects\\AccountHHC\\entry\\build\\default\\intermediates\\res\\default\\resources\\base\\media\\jianzhi.png","type":"file","isSymbolicLink":false,"fileMetaData":{"size":3087,"lastModifiedTime":1700017252000}},{"hashValue":"7892b6fac1b17894255a7f9b95fc8b57","name":"jiaoyu.png","path":"E:\\DevEcoStudioProjects\\AccountHHC\\entry\\build\\default\\intermediates\\res\\default\\resources\\base\\media\\jiaoyu.png","type":"file","isSymbolicLink":false,"fileMetaData":{"size":3680,"lastModifiedTime":1700017252000}},{"hashValue":"544c03e6b74b9e3daf1e4ef43bbb3f99","name":"licai.png","path":"E:\\DevEcoStudioProjects\\AccountHHC\\entry\\build\\default\\intermediates\\res\\default\\resources\\base\\media\\licai.png","type":"file","isSymbolicLink":false,"fileMetaData":{"size":6257,"lastModifiedTime":1700017252000}},{"hashValue":"0f19ab680cb56699bda5140589bf5c2c","name":"Paper.png","path":"E:\\DevEcoStudioProjects\\AccountHHC\\entry\\build\\default\\intermediates\\res\\default\\resources\\base\\media\\Paper.png","type":"file","isSymbolicLink":false,"fileMetaData":{"size":9926,"lastModifiedTime":1699948168000}},{"hashValue":"eedcbf910e98851905ab3a455834f4ee","name":"Profile.png","path":"E:\\DevEcoStudioProjects\\AccountHHC\\entry\\build\\default\\intermediates\\res\\default\\resources\\base\\media\\Profile.png","type":"file","isSymbolicLink":false,"fileMetaData":{"size":8865,"lastModifiedTime":1699948168000}},{"hashValue":"cf247e664b7ea228da66e938e49a301c","name":"qita.png","path":"E:\\DevEcoStudioProjects\\AccountHHC\\entry\\build\\default\\intermediates\\res\\default\\resources\\base\\media\\qita.png","type":"file","isSymbolicLink":false,"fileMetaData":{"size":5232,"lastModifiedTime":1700017252000}},{"hashValue":"ae2d5279d03c81cbde5b7b50eff174c0","name":"riyong.png","path":"E:\\DevEcoStudioProjects\\AccountHHC\\entry\\build\\default\\intermediates\\res\\default\\resources\\base\\media\\riyong.png","type":"file","isSymbolicLink":false,"fileMetaData":{"size":4251,"lastModifiedTime":1700017252000}},{"hashValue":"6c74cdec14583c4aa5022428e6296018","name":"shengxu.jpg","path":"E:\\DevEcoStudioProjects\\AccountHHC\\entry\\build\\default\\intermediates\\res\\default\\resources\\base\\media\\shengxu.jpg","type":"file","isSymbolicLink":false,"fileMetaData":{"size":16156,"lastModifiedTime":1700565478437}},{"hashValue":"f3e58388ecd038ef3f69c5462e4f06a9","name":"shuma.png","path":"E:\\DevEcoStudioProjects\\AccountHHC\\entry\\build\\default\\intermediates\\res\\default\\resources\\base\\media\\shuma.png","type":"file","isSymbolicLink":false,"fileMetaData":{"size":4059,"lastModifiedTime":1700017252000}},{"hashValue":"202d8c1cdfd067cbe5c3a988940781de","name":"Wallet.png","path":"E:\\DevEcoStudioProjects\\AccountHHC\\entry\\build\\default\\intermediates\\res\\default\\resources\\base\\media\\Wallet.png","type":"file","isSymbolicLink":false,"fileMetaData":{"size":11304,"lastModifiedTime":1699948168000}},{"hashValue":"5653386645b9a30546c050e86395cce6","name":"yiliao.png","path":"E:\\DevEcoStudioProjects\\AccountHHC\\entry\\build\\default\\intermediates\\res\\default\\resources\\base\\media\\yiliao.png","type":"file","isSymbolicLink":false,"fileMetaData":{"size":9372,"lastModifiedTime":1699948168000}},{"hashValue":"0fde4afb8c5fc78d7a8d9c3a51ef8f02","name":"yule.png","path":"E:\\DevEcoStudioProjects\\AccountHHC\\entry\\build\\default\\intermediates\\res\\default\\resources\\base\\media\\yule.png","type":"file","isSymbolicLink":false,"fileMetaData":{"size":5298,"lastModifiedTime":1700017252000}},{"hashValue":"a37a8cc39cc5ddc16ce47c1e97b197a4","name":"yundong.png","path":"E:\\DevEcoStudioProjects\\AccountHHC\\entry\\build\\default\\intermediates\\res\\default\\resources\\base\\media\\yundong.png","type":"file","isSymbolicLink":false,"fileMetaData":{"size":6045,"lastModifiedTime":1700017252000}},{"hashValue":"637a1b7cfe614fa0fe38f02bb584d061","name":"zhufang.png","path":"E:\\DevEcoStudioProjects\\AccountHHC\\entry\\build\\default\\intermediates\\res\\default\\resources\\base\\media\\zhufang.png","type":"file","isSymbolicLink":false,"fileMetaData":{"size":5700,"lastModifiedTime":1700017252000}}]},{"hashValue":"776a1f1cec2a693ff527a9fdf7d56b89","name":"profile","path":"E:\\DevEcoStudioProjects\\AccountHHC\\entry\\build\\default\\intermediates\\res\\default\\resources\\base\\profile","type":"directory","isSymbolicLink":false,"children":[{"hashValue":"3f5dcb180344e546f3af0409ab3153e1","name":"main_pages.json","path":"E:\\DevEcoStudioProjects\\AccountHHC\\entry\\build\\default\\intermediates\\res\\default\\resources\\base\\profile\\main_pages.json","type":"file","isSymbolicLink":false,"fileMetaData":{"size":37,"lastModifiedTime":1700469362599}}]}]},{"hashValue":"","name":"rawfile","path":"E:\\DevEcoStudioProjects\\AccountHHC\\entry\\build\\default\\intermediates\\res\\default\\resources\\rawfile","type":"directory","isSymbolicLink":false,"children":[]}]},"E:\\DevEcoStudioProjects\\AccountHHC\\entry\\build\\default\\intermediates\\res\\default\\resources.index":{"hashValue":"38a111373b480032fe26d77a06673d91","name":"resources.index","path":"E:\\DevEcoStudioProjects\\AccountHHC\\entry\\build\\default\\intermediates\\res\\default\\resources.index","type":"file","isSymbolicLink":false,"fileMetaData":{"size":3305,"lastModifiedTime":1700725111742}},"E:\\DevEcoStudioProjects\\AccountHHC\\entry\\build\\default\\outputs\\default\\entry-default-unsigned.hap":{"hashValue":"508192153c8a0638081ecdb008d2f4fc","name":"entry-default-unsigned.hap","path":"E:\\DevEcoStudioProjects\\AccountHHC\\entry\\build\\default\\outputs\\default\\entry-default-unsigned.hap","type":"file","isSymbolicLink":false,"fileMetaData":{"size":1147059,"lastModifiedTime":1700902386996}},"E:\\DevEcoStudioProjects\\AccountHHC\\entry\\build\\default\\intermediates\\loader_out\\default\\js":{"hashValue":"","name":"emptyroot","path":"","type":"unknown","isSymbolicLink":false,"children":[]},"E:\\DevEcoStudioProjects\\AccountHHC\\entry\\build\\default\\outputs\\default\\entry-default-signed.hap":{"hashValue":"","name":"emptyroot","path":"","type":"unknown","isSymbolicLink":false,"children":[]}}