{":AccountHHC:entry:default@PreBuild":{"_inputs":[{"dataType":"ValueEntry","value":"{\"_name\":\"BUILTIN_TASK_COMMAND\",\"_value\":\"\",\"_valueType\":\"string\",\"_hash\":\"0b5d05294fdf4e78e8482ef53eb64ac0\"}"},{"dataType":"ValueEntry","value":"{\"_name\":\"BUILTIN_TASK_ENV\",\"_value\":\"\",\"_valueType\":\"string\",\"_hash\":\"cdcdc2ec8062ca9ec1de46dbf2bbc053\"}"},{"dataType":"ValueEntry","value":"{\"_name\":\"BUILTIN_TASK_TOOLCHAIN\",\"_value\":\"\",\"_valueType\":\"string\",\"_hash\":\"e7f94a9422a8bc317a7d90b58efcb5f6\"}"},{"dataType":"ValueEntry","value":"{\"_name\":\"apiType\",\"_value\":\"stageMode\",\"_valueType\":\"string\",\"_hash\":\"699c7565645ea3ea8c88551a4926a3d5\"}"},{"dataType":"ValueEntry","value":"{\"_name\":\"codeType\",\"_value\":true,\"_valueType\":\"boolean\",\"_hash\":\"d6dcf21a9f078b661283507536e57ce8\"}"},{"dataType":"ValueEntry","value":"{\"_name\":\"compatibleApiVersion\",\"_value\":9,\"_valueType\":\"number\",\"_hash\":\"8f14da7cda665d5f6676adf8a127634f\"}"},{"dataType":"ValueEntry","value":"{\"_name\":\"compileApiVersion\",\"_value\":9,\"_valueType\":\"number\",\"_hash\":\"cdd5413832c7470f85f225c67a87a683\"}"},{"dataType":"ValueEntry","value":"{\"_name\":\"deviceType\",\"_value\":[\"phone\",\"tablet\"],\"_valueType\":\"object\",\"_hash\":\"6b8c09abb74b3d778d7ce1bc1efb26ef\"}"},{"dataType":"ValueEntry","value":"{\"_name\":\"isSupportOhpmProj\",\"_value\":true,\"_valueType\":\"boolean\",\"_hash\":\"f3a249d7e3f751316e931b8a08b074b4\"}"},{"dataType":"ValueEntry","value":"{\"_name\":\"profileModuleName\",\"_value\":\"entry\",\"_valueType\":\"string\",\"_hash\":\"b174ea6ff5824844dde5ad92f6b3ef2b\"}"},{"dataType":"ValueEntry","value":"{\"_name\":\"sdkToolchainsComponentVersion\",\"_value\":\"3.2.12.5\",\"_valueType\":\"string\",\"_hash\":\"cc722e03b3384cc9b37c649e4134fc99\"}"},{"dataType":"ValueEntry","value":"{\"_name\":\"targetStatusCode\",\"_value\":2,\"_valueType\":\"number\",\"_hash\":\"5a9255c0f4ee50904a9349ebafca8369\"}"}],"_successful":true,"_projectName":"AccountHHC","_moduleName":"entry","_taskName":"default@PreBuild","_key":":AccountHHC:entry:default@PreBuild","_executionId":":AccountHHC:entry:default@PreBuild:1700545917680","_inputFiles":{"dataType":"Map","value":[["E:\\DevEcoStudioProjects\\AccountHHC\\AppScope\\app.json5",{"isDirectory":false,"fileSnapShotHashValue":"12ae50d35531e988becd6a8cb182fa68"}],["E:\\DevEcoStudioProjects\\AccountHHC\\entry\\src\\main\\module.json5",{"isDirectory":false,"fileSnapShotHashValue":"6398ac51726330417a545dc84a2bb268"}]]},"_outputFiles":{"dataType":"Map","value":[]}},":AccountHHC:entry:default@MergeProfile":{"_inputs":[{"dataType":"ValueEntry","value":"{\"_name\":\"BUILTIN_TASK_COMMAND\",\"_value\":\"\",\"_valueType\":\"string\",\"_hash\":\"0b5d05294fdf4e78e8482ef53eb64ac0\"}"},{"dataType":"ValueEntry","value":"{\"_name\":\"BUILTIN_TASK_ENV\",\"_value\":\"\",\"_valueType\":\"string\",\"_hash\":\"cdcdc2ec8062ca9ec1de46dbf2bbc053\"}"},{"dataType":"ValueEntry","value":"{\"_name\":\"BUILTIN_TASK_TOOLCHAIN\",\"_value\":\"\",\"_valueType\":\"string\",\"_hash\":\"e7f94a9422a8bc317a7d90b58efcb5f6\"}"},{"dataType":"ValueEntry","value":"{\"_name\":\"asanEnable\",\"_value\":false,\"_valueType\":\"boolean\",\"_hash\":\"bc2129ba20a21b7e5234139ede1b4d7b\"}"},{"dataType":"ValueEntry","value":"{\"_name\":\"buildRoot\",\"_value\":\"build\",\"_valueType\":\"string\",\"_hash\":\"4c2dd7bb7507f74001ec27f2936db7f9\"}"},{"dataType":"ValueEntry","value":"{\"_name\":\"compatibleSdkVersion\",\"_value\":9,\"_valueType\":\"number\",\"_hash\":\"789a8631987a2e2b1a03b001c78d0180\"}"},{"dataType":"ValueEntry","value":"{\"_name\":\"isDebug\",\"_value\":true,\"_valueType\":\"boolean\",\"_hash\":\"edbf05a2d2be2c385e75d9565a48d419\"}"},{"dataType":"ValueEntry","value":"{\"_name\":\"isHarModule\",\"_value\":false,\"_valueType\":\"boolean\",\"_hash\":\"a15b7a3ed818faa99a4a10d67f52cb72\"}"},{"dataType":"ValueEntry","value":"{\"_name\":\"multiProjects\",\"_value\":false,\"_valueType\":\"boolean\",\"_hash\":\"555604752defc243b4e4c55d1549fc06\"}"},{"dataType":"ValueEntry","value":"{\"_name\":\"releaseType\",\"_value\":\"Release\",\"_valueType\":\"string\",\"_hash\":\"bbcabdda034e97584f8c36f85b3ec517\"}"},{"dataType":"ValueEntry","value":"{\"_name\":\"targetSdkVersion\",\"_value\":9,\"_valueType\":\"number\",\"_hash\":\"09b2bdc967d8b97f7b9bf4f19735497e\"}"}],"_successful":true,"_projectName":"AccountHHC","_moduleName":"entry","_taskName":"default@MergeProfile","_key":":AccountHHC:entry:default@MergeProfile","_executionId":":AccountHHC:entry:default@MergeProfile:1700545917889","_inputFiles":{"dataType":"Map","value":[["E:\\DevEcoStudioProjects\\AccountHHC\\AppScope\\app.json5",{"fileSnapShotHashValue":"12ae50d35531e988becd6a8cb182fa68"}],["E:\\DevEcoStudioProjects\\AccountHHC\\entry\\src\\main\\module.json5",{"fileSnapShotHashValue":"6398ac51726330417a545dc84a2bb268"}]]},"_outputFiles":{"dataType":"Map","value":[["E:\\DevEcoStudioProjects\\AccountHHC\\entry\\build\\default\\intermediates\\merge_profile\\default\\module.json",{"fileSnapShotHashValue":"81f54046535ceced93f6826264656c2c"}]]}},":AccountHHC:entry:default@GenerateLoaderJson":{"_inputs":[{"dataType":"ValueEntry","value":"{\"_name\":\"BUILTIN_TASK_COMMAND\",\"_value\":\"\",\"_valueType\":\"string\",\"_hash\":\"0b5d05294fdf4e78e8482ef53eb64ac0\"}"},{"dataType":"ValueEntry","value":"{\"_name\":\"BUILTIN_TASK_ENV\",\"_value\":\"\",\"_valueType\":\"string\",\"_hash\":\"cdcdc2ec8062ca9ec1de46dbf2bbc053\"}"},{"dataType":"ValueEntry","value":"{\"_name\":\"BUILTIN_TASK_TOOLCHAIN\",\"_value\":\"\",\"_valueType\":\"string\",\"_hash\":\"e7f94a9422a8bc317a7d90b58efcb5f6\"}"},{"dataType":"ValueEntry","value":"{\"_name\":\"aotCompileMode\",\"_value\":\"\",\"_valueType\":\"string\",\"_hash\":\"31b66e9c596cc61cb06cdecc08aaeb6c\"}"},{"dataType":"ValueEntry","value":"{\"_name\":\"apPath\",\"_value\":\"\",\"_valueType\":\"string\",\"_hash\":\"dabe59b8be9f1396c43dc319521a0027\"}"},{"dataType":"ValueEntry","value":"{\"_name\":\"compileMode\",\"_value\":\"esmodule\",\"_valueType\":\"string\",\"_hash\":\"dacafc8e0b77a950178a0b4d142dc32c\"}"},{"dataType":"ValueEntry","value":"{\"_name\":\"harNameOhmMap\",\"_value\":\"{}\",\"_valueType\":\"string\",\"_hash\":\"0faf006bccbcdc2c7f04ff2d8c87894f\"}"},{"dataType":"ValueEntry","value":"{\"_name\":\"modulePathMap\",\"_value\":\"{\\\"entry\\\":\\\"E:\\\\\\\\DevEcoStudioProjects\\\\\\\\AccountHHC\\\\\\\\entry\\\"}\",\"_valueType\":\"string\",\"_hash\":\"456cf5438d54b06059cf547f262ba611\"}"},{"dataType":"ValueEntry","value":"{\"_name\":\"nodeModulesPath\",\"_value\":\"E:\\\\DevEcoStudioProjects\\\\AccountHHC\\\\entry\\\\build\\\\default\\\\intermediates\\\\loader_out\\\\default\\\\node_modules\",\"_valueType\":\"string\",\"_hash\":\"f6f4daff154a6b2771e7285d0fcc5804\"}"},{"dataType":"ValueEntry","value":"{\"_name\":\"projectRootPath\",\"_value\":\"E:\\\\DevEcoStudioProjects\\\\AccountHHC\",\"_valueType\":\"string\",\"_hash\":\"27925ebae2a31df3839048dfdb7ddbbe\"}"},{"dataType":"ValueEntry","value":"{\"_name\":\"targetConfig\",\"_value\":\"{\\\"name\\\":\\\"default\\\",\\\"runtimeOS\\\":\\\"HarmonyOS\\\"}\",\"_valueType\":\"string\",\"_hash\":\"96bcd83382fb082c731eedf7bc0cf1dc\"}"}],"_successful":true,"_projectName":"AccountHHC","_moduleName":"entry","_taskName":"default@GenerateLoaderJson","_key":":AccountHHC:entry:default@GenerateLoaderJson","_executionId":":AccountHHC:entry:default@GenerateLoaderJson:1700533835178","_inputFiles":{"dataType":"Map","value":[]},"_outputFiles":{"dataType":"Map","value":[["E:\\DevEcoStudioProjects\\AccountHHC\\entry\\build\\default\\intermediates\\loader\\default\\loader.json",{"isDirectory":false,"fileSnapShotHashValue":"dd1c174db83e38da7f869be5fe12b7f4"}]]}},":AccountHHC:entry:default@ProcessProfile":{"_inputs":[{"dataType":"ValueEntry","value":"{\"_name\":\"BUILTIN_TASK_COMMAND\",\"_value\":\"\",\"_valueType\":\"string\",\"_hash\":\"0b5d05294fdf4e78e8482ef53eb64ac0\"}"},{"dataType":"ValueEntry","value":"{\"_name\":\"BUILTIN_TASK_ENV\",\"_value\":\"\",\"_valueType\":\"string\",\"_hash\":\"cdcdc2ec8062ca9ec1de46dbf2bbc053\"}"},{"dataType":"ValueEntry","value":"{\"_name\":\"BUILTIN_TASK_TOOLCHAIN\",\"_value\":\"\",\"_valueType\":\"string\",\"_hash\":\"e7f94a9422a8bc317a7d90b58efcb5f6\"}"},{"dataType":"ValueEntry","value":"{\"_name\":\"arkEnable\",\"_value\":true,\"_valueType\":\"boolean\",\"_hash\":\"750b4bda198545a67903dfb3f6a00a95\"}"},{"dataType":"ValueEntry","value":"{\"_name\":\"compileMode\",\"_value\":\"esmodule\",\"_valueType\":\"string\",\"_hash\":\"dacafc8e0b77a950178a0b4d142dc32c\"}"},{"dataType":"ValueEntry","value":"{\"_name\":\"dependency\",\"_value\":\"[]\",\"_valueType\":\"string\",\"_hash\":\"ac54f3d4ced2d4c1d666d40e4f7c454a\"}"},{"dataType":"ValueEntry","value":"{\"_name\":\"deviceTypes\",\"_value\":[\"phone\",\"tablet\"],\"_valueType\":\"object\",\"_hash\":\"c166d88837153e59136adb6a4b649962\"}"}],"_successful":true,"_projectName":"AccountHHC","_moduleName":"entry","_taskName":"default@ProcessProfile","_key":":AccountHHC:entry:default@ProcessProfile","_executionId":":AccountHHC:entry:default@ProcessProfile:1700545917905","_inputFiles":{"dataType":"Map","value":[["E:\\DevEcoStudioProjects\\AccountHHC\\entry\\build\\default\\intermediates\\merge_profile\\default\\module.json",{"fileSnapShotHashValue":"81f54046535ceced93f6826264656c2c"}]]},"_outputFiles":{"dataType":"Map","value":[["E:\\DevEcoStudioProjects\\AccountHHC\\entry\\build\\default\\intermediates\\process_profile\\default\\module.json",{"fileSnapShotHashValue":"9106ab02c4a74fae716a4e9390105ec4"}]]}},":AccountHHC:entry:default@PreviewProcessResource":{"_inputs":[{"dataType":"ValueEntry","value":"{\"_name\":\"previewCompileResourcesCommand\",\"_value\":\"{\\\"commandList\\\":[\\\"E:\\\\\\\\Huawei\\\\\\\\Sdk\\\\\\\\openharmony\\\\\\\\9\\\\\\\\toolchains\\\\\\\\restool.exe\\\",\\\"-m\\\",\\\"entry\\\",\\\"-f\\\",\\\"-j\\\",\\\"E:\\\\\\\\DevEcoStudioProjects\\\\\\\\AccountHHC\\\\\\\\entry\\\\\\\\.preview\\\\\\\\default\\\\\\\\intermediates\\\\\\\\process_profile\\\\\\\\default\\\\\\\\module.json\\\",\\\"-p\\\",\\\"com.example.accounthhc\\\",\\\"-o\\\",\\\"E:\\\\\\\\DevEcoStudioProjects\\\\\\\\AccountHHC\\\\\\\\entry\\\\\\\\.preview\\\\\\\\default\\\\\\\\intermediates\\\\\\\\res\\\\\\\\default\\\",\\\"-r\\\",\\\"E:\\\\\\\\DevEcoStudioProjects\\\\\\\\AccountHHC\\\\\\\\entry\\\\\\\\.preview\\\\\\\\default\\\\\\\\generated\\\\\\\\r\\\\\\\\default\\\\\\\\ResourceTable.h\\\"],\\\"inputFiles\\\":{\\\"_group\\\":{}},\\\"outputFiles\\\":{\\\"_group\\\":{}},\\\"existsResourceDir\\\":true,\\\"restoolLinkParamObj\\\":{\\\"appScopeResources\\\":\\\"E:\\\\\\\\DevEcoStudioProjects\\\\\\\\AccountHHC\\\\\\\\AppScope\\\\\\\\resources\\\",\\\"moduleResourcesMap\\\":{},\\\"harResourcesMap\\\":{},\\\"outputPath\\\":\\\"E:\\\\\\\\DevEcoStudioProjects\\\\\\\\AccountHHC\\\\\\\\entry\\\\\\\\.preview\\\\\\\\default\\\\\\\\intermediates\\\\\\\\res\\\\\\\\default\\\",\\\"linkCommand\\\":[\\\"E:\\\\\\\\Huawei\\\\\\\\Sdk\\\\\\\\openharmony\\\\\\\\9\\\\\\\\toolchains\\\\\\\\restool.exe\\\",\\\"-m\\\",\\\"entry\\\",\\\"-f\\\",\\\"-j\\\",\\\"E:\\\\\\\\DevEcoStudioProjects\\\\\\\\AccountHHC\\\\\\\\entry\\\\\\\\.preview\\\\\\\\default\\\\\\\\intermediates\\\\\\\\process_profile\\\\\\\\default\\\\\\\\module.json\\\",\\\"-p\\\",\\\"com.example.accounthhc\\\",\\\"-r\\\",\\\"E:\\\\\\\\DevEcoStudioProjects\\\\\\\\AccountHHC\\\\\\\\entry\\\\\\\\.preview\\\\\\\\default\\\\\\\\generated\\\\\\\\r\\\\\\\\default\\\\\\\\ResourceTable.h\\\",\\\"-z\\\"]}}\",\"_valueType\":\"string\"}"},{"dataType":"ValueEntry","value":"{\"_name\":\"BUILTIN_TASK_COMMAND\",\"_value\":\"\",\"_valueType\":\"string\"}"},{"dataType":"ValueEntry","value":"{\"_name\":\"BUILTIN_TASK_TOOLCHAIN\",\"_value\":\"\",\"_valueType\":\"string\"}"},{"dataType":"ValueEntry","value":"{\"_name\":\"BUILTIN_TASK_ENV\",\"_value\":\"\",\"_valueType\":\"string\"}"}],"_successful":true,"_projectName":"AccountHHC","_moduleName":"entry","_taskName":"default@PreviewProcessResource","_key":":AccountHHC:entry:default@PreviewProcessResource","_executionId":":AccountHHC:entry:default@PreviewProcessResource:1700533799483","_inputFiles":{"dataType":"Map","value":[]},"_outputFiles":{"dataType":"Map","value":[["{\"commandList\":[\"E:\\\\Huawei\\\\Sdk\\\\openharmony\\\\9\\\\toolchains\\\\restool.exe\",\"-m\",\"entry\",\"-f\",\"-j\",\"E:\\\\DevEcoStudioProjects\\\\AccountHHC\\\\entry\\\\.preview\\\\default\\\\intermediates\\\\process_profile\\\\default\\\\module.json\",\"-p\",\"com.example.accounthhc\",\"-o\",\"E:\\\\DevEcoStudioProjects\\\\AccountHHC\\\\entry\\\\.preview\\\\default\\\\intermediates\\\\res\\\\default\",\"-r\",\"E:\\\\DevEcoStudioProjects\\\\AccountHHC\\\\entry\\\\.preview\\\\default\\\\generated\\\\r\\\\default\\\\ResourceTable.h\"],\"inputFiles\":{\"_group\":{}},\"outputFiles\":{\"_group\":{}},\"existsResourceDir\":true,\"restoolLinkParamObj\":{\"appScopeResources\":\"E:\\\\DevEcoStudioProjects\\\\AccountHHC\\\\AppScope\\\\resources\",\"moduleResourcesMap\":{},\"harResourcesMap\":{},\"outputPath\":\"E:\\\\DevEcoStudioProjects\\\\AccountHHC\\\\entry\\\\.preview\\\\default\\\\intermediates\\\\res\\\\default\",\"linkCommand\":[\"E:\\\\Huawei\\\\Sdk\\\\openharmony\\\\9\\\\toolchains\\\\restool.exe\",\"-m\",\"entry\",\"-f\",\"-j\",\"E:\\\\DevEcoStudioProjects\\\\AccountHHC\\\\entry\\\\.preview\\\\default\\\\intermediates\\\\process_profile\\\\default\\\\module.json\",\"-p\",\"com.example.accounthhc\",\"-r\",\"E:\\\\DevEcoStudioProjects\\\\AccountHHC\\\\entry\\\\.preview\\\\default\\\\generated\\\\r\\\\default\\\\ResourceTable.h\",\"-z\"]}}",{"isDirectory":false,"fileSnapShotHashValue":""}]]}},":AccountHHC:entry:default@PreviewCompileResource":{"_inputs":[{"dataType":"ValueEntry","value":"{\"_name\":\"BUILTIN_TASK_COMMAND\",\"_value\":\"\",\"_valueType\":\"string\"}"},{"dataType":"ValueEntry","value":"{\"_name\":\"BUILTIN_TASK_ENV\",\"_value\":\"\",\"_valueType\":\"string\"}"},{"dataType":"ValueEntry","value":"{\"_name\":\"BUILTIN_TASK_TOOLCHAIN\",\"_value\":\"E:\\\\Huawei\\\\Sdk\\\\openharmony\\\\9\\\\toolchains\\\\restool.exe\",\"_valueType\":\"string\"}"},{"dataType":"ValueEntry","value":"{\"_name\":\"PREVIEWER_REPLACE_PAGE\",\"_valueType\":\"undefined\"}"},{"dataType":"ValueEntry","value":"{\"_name\":\"PREVIEWER_REPLACE_SRCPATH\",\"_valueType\":\"undefined\"}"},{"dataType":"ValueEntry","value":"{\"_name\":\"TARGET_CONFIG\",\"_value\":\"{\\\"name\\\":\\\"default\\\",\\\"runtimeOS\\\":\\\"HarmonyOS\\\"}\",\"_valueType\":\"string\"}"}],"_successful":true,"_projectName":"AccountHHC","_moduleName":"entry","_taskName":"default@PreviewCompileResource","_key":":AccountHHC:entry:default@PreviewCompileResource","_executionId":":AccountHHC:entry:default@PreviewCompileResource:1700533762936","_inputFiles":{"dataType":"Map","value":[["E:\\DevEcoStudioProjects\\AccountHHC\\entry\\src\\main\\resources",{"fileSnapShotHashValue":"b6ac5f89291ddb919dbaf1744912e6a8"}],["E:\\DevEcoStudioProjects\\AccountHHC\\AppScope\\resources",{"fileSnapShotHashValue":"c46899b8b0a28557aac5885f0ee2e2c9"}],["E:\\DevEcoStudioProjects\\AccountHHC\\entry\\.preview\\default\\intermediates\\process_profile\\default\\module.json",{"isDirectory":false,"fileSnapShotHashValue":"8d99ee96de6a2c04d7a6783dad4e4730"}]]},"_outputFiles":{"dataType":"Map","value":[["E:\\DevEcoStudioProjects\\AccountHHC\\entry\\.preview\\default\\intermediates\\res\\default",{"isDirectory":true,"fileSnapShotHashValue":"f26b6a21178e43de40cc770b8259f0cd"}],["E:\\DevEcoStudioProjects\\AccountHHC\\entry\\.preview\\default\\generated\\r\\default\\ResourceTable.h",{"isDirectory":false,"fileSnapShotHashValue":"f5f414c2ebe8f249dc6cddaa628d9b67"}],["E:\\DevEcoStudioProjects\\AccountHHC\\entry\\.preview\\default\\generated\\r\\default",{"isDirectory":true,"fileSnapShotHashValue":"4fdc9e370e72595a7eca2862e9e063da"}]]}},":AccountHHC:entry:default@PreviewUpdateAssets":{"_inputs":[{"dataType":"ValueEntry","value":"{\"_name\":\"BUILTIN_TASK_COMMAND\",\"_value\":\"\",\"_valueType\":\"string\"}"},{"dataType":"ValueEntry","value":"{\"_name\":\"BUILTIN_TASK_TOOLCHAIN\",\"_value\":\"\",\"_valueType\":\"string\"}"},{"dataType":"ValueEntry","value":"{\"_name\":\"BUILTIN_TASK_ENV\",\"_value\":\"\",\"_valueType\":\"string\"}"}],"_successful":true,"_projectName":"AccountHHC","_moduleName":"entry","_taskName":"default@PreviewUpdateAssets","_key":":AccountHHC:entry:default@PreviewUpdateAssets","_executionId":":AccountHHC:entry:default@PreviewUpdateAssets:1700533799533","_inputFiles":{"dataType":"Map","value":[["E:\\DevEcoStudioProjects\\AccountHHC\\entry\\.preview\\config\\buildConfig.json",{"isDirectory":false,"fileSnapShotHashValue":"74cb78ef258832cae15b62044255a546"}]]},"_outputFiles":{"dataType":"Map","value":[["E:\\DevEcoStudioProjects\\AccountHHC\\entry\\.preview\\default\\intermediates\\res\\default\\module.json",{"isDirectory":false,"fileSnapShotHashValue":"acfcb59a1206fa87917062aca61031c0"}],["E:\\DevEcoStudioProjects\\AccountHHC\\entry\\.preview\\default\\intermediates\\res\\default\\resources\\base\\profile\\main_pages.json",{"isDirectory":false,"fileSnapShotHashValue":"edf097d8d88fd156cb594b0f55b96e2f"}]]}},":AccountHHC:entry:default@PreviewArkTS":{"_inputs":[{"dataType":"ValueEntry","value":"{\"_name\":\"debuggable\",\"_value\":true,\"_valueType\":\"boolean\"}"},{"dataType":"ValueEntry","value":"{\"_name\":\"isArk\",\"_value\":true,\"_valueType\":\"boolean\"}"},{"dataType":"ValueEntry","value":"{\"_name\":\"needCoverageInsert\",\"_value\":false,\"_valueType\":\"boolean\"}"},{"dataType":"ValueEntry","value":"{\"_name\":\"arkTsWdiget\",\"_value\":false,\"_valueType\":\"boolean\"}"},{"dataType":"ValueEntry","value":"{\"_name\":\"BUILTIN_TASK_COMMAND\",\"_value\":\"\",\"_valueType\":\"string\"}"},{"dataType":"ValueEntry","value":"{\"_name\":\"BUILTIN_TASK_TOOLCHAIN\",\"_value\":\"\",\"_valueType\":\"string\"}"},{"dataType":"ValueEntry","value":"{\"_name\":\"BUILTIN_TASK_ENV\",\"_value\":\"\",\"_valueType\":\"string\"}"}],"_successful":true,"_projectName":"AccountHHC","_moduleName":"entry","_taskName":"default@PreviewArkTS","_key":":AccountHHC:entry:default@PreviewArkTS","_executionId":":AccountHHC:entry:default@PreviewArkTS:1700533799537","_inputFiles":{"dataType":"Map","value":[["E:\\DevEcoStudioProjects\\AccountHHC\\entry\\.preview\\default\\intermediates\\loader\\default",{"isDirectory":true,"fileSnapShotHashValue":"425e44e912df6f942d7f030412816de3"}],["E:\\DevEcoStudioProjects\\AccountHHC\\entry\\.preview\\default\\intermediates\\res\\default\\ResourceTable.txt",{"fileSnapShotHashValue":"3dcf854478922d4fa5f48fff297529c9"}],["E:\\DevEcoStudioProjects\\AccountHHC\\entry\\.preview\\default\\intermediates\\res\\default\\module.json",{"fileSnapShotHashValue":"acfcb59a1206fa87917062aca61031c0"}],["E:\\DevEcoStudioProjects\\AccountHHC\\entry\\.preview\\default\\intermediates\\res\\default\\resources\\base\\profile",{"isDirectory":true,"fileSnapShotHashValue":"c5eb86ab61b8b78380da95def1b32a9f"}],["E:\\DevEcoStudioProjects\\AccountHHC\\entry\\src\\main\\ets",{"isDirectory":true,"fileSnapShotHashValue":"5661bd7160598da88ed9d1d569a21d74"}]]},"_outputFiles":{"dataType":"Map","value":[["E:\\DevEcoStudioProjects\\AccountHHC\\entry\\.preview\\default\\intermediates\\loader_out\\default\\ets",{"isDirectory":true,"fileSnapShotHashValue":""}]]}},":AccountHHC:entry:default@GenerateMetadata":{"_inputs":[{"dataType":"ValueEntry","value":"{\"_name\":\"BUILTIN_TASK_COMMAND\",\"_value\":\"\",\"_valueType\":\"string\",\"_hash\":\"0b5d05294fdf4e78e8482ef53eb64ac0\"}"},{"dataType":"ValueEntry","value":"{\"_name\":\"BUILTIN_TASK_ENV\",\"_value\":\"\",\"_valueType\":\"string\",\"_hash\":\"cdcdc2ec8062ca9ec1de46dbf2bbc053\"}"},{"dataType":"ValueEntry","value":"{\"_name\":\"BUILTIN_TASK_TOOLCHAIN\",\"_value\":\"\",\"_valueType\":\"string\",\"_hash\":\"e7f94a9422a8bc317a7d90b58efcb5f6\"}"},{"dataType":"ValueEntry","value":"{\"_name\":\"entryModules\",\"_value\":[],\"_valueType\":\"object\",\"_hash\":\"aea18c73616ef065de1f5734ffcfeacd\"}"},{"dataType":"ValueEntry","value":"{\"_name\":\"existSigningConfig\",\"_value\":false,\"_valueType\":\"boolean\",\"_hash\":\"1577ffedb088f641d0438ac50d5978d5\"}"},{"dataType":"ValueEntry","value":"{\"_name\":\"moduleDeviceType\",\"_value\":[\"phone\",\"tablet\"],\"_valueType\":\"object\",\"_hash\":\"813bc33f3fdde783add9cb9f328a5b28\"}"},{"dataType":"ValueEntry","value":"{\"_name\":\"product\",\"_value\":\"default\",\"_valueType\":\"string\",\"_hash\":\"c78efd675257060e500cc4a185c4a166\"}"},{"dataType":"ValueEntry","value":"{\"_name\":\"sdkToolchainsComponentVersion\",\"_value\":\"3.2.12.5\",\"_valueType\":\"string\",\"_hash\":\"cc722e03b3384cc9b37c649e4134fc99\"}"},{"dataType":"ValueEntry","value":"{\"_name\":\"targetConfig\",\"_value\":\"{\\\"name\\\":\\\"default\\\",\\\"runtimeOS\\\":\\\"HarmonyOS\\\"}\",\"_valueType\":\"string\",\"_hash\":\"96bcd83382fb082c731eedf7bc0cf1dc\"}"}],"_successful":true,"_projectName":"AccountHHC","_moduleName":"entry","_taskName":"default@GenerateMetadata","_key":":AccountHHC:entry:default@GenerateMetadata","_executionId":":AccountHHC:entry:default@GenerateMetadata:1700545917881","_inputFiles":{"dataType":"Map","value":[["E:\\DevEcoStudioProjects\\AccountHHC\\entry\\src\\main\\module.json5",{"fileSnapShotHashValue":"6398ac51726330417a545dc84a2bb268"}]]},"_outputFiles":{"dataType":"Map","value":[["E:\\DevEcoStudioProjects\\AccountHHC\\entry\\build\\default\\intermediates\\hap_metadata\\default\\output_metadata.json",{"fileSnapShotHashValue":"3aa9b4823981ea7315d5b04c92f9a28c"}]]}},":AccountHHC:entry:default@MakePackInfo":{"_inputs":[{"dataType":"ValueEntry","value":"{\"_name\":\"BUILTIN_TASK_COMMAND\",\"_value\":\"\",\"_valueType\":\"string\",\"_hash\":\"0b5d05294fdf4e78e8482ef53eb64ac0\"}"},{"dataType":"ValueEntry","value":"{\"_name\":\"BUILTIN_TASK_ENV\",\"_value\":\"\",\"_valueType\":\"string\",\"_hash\":\"cdcdc2ec8062ca9ec1de46dbf2bbc053\"}"},{"dataType":"ValueEntry","value":"{\"_name\":\"BUILTIN_TASK_TOOLCHAIN\",\"_value\":\"\",\"_valueType\":\"string\",\"_hash\":\"e7f94a9422a8bc317a7d90b58efcb5f6\"}"},{"dataType":"ValueEntry","value":"{\"_name\":\"compatibleSdkVersion\",\"_value\":9,\"_valueType\":\"number\",\"_hash\":\"789a8631987a2e2b1a03b001c78d0180\"}"},{"dataType":"ValueEntry","value":"{\"_name\":\"compileSdkVersion\",\"_value\":9,\"_valueType\":\"number\",\"_hash\":\"3d4d5df63426ff238569b8e54a6b76e3\"}"},{"dataType":"ValueEntry","value":"{\"_name\":\"deviceTypes\",\"_value\":[\"phone\",\"tablet\"],\"_valueType\":\"object\",\"_hash\":\"c166d88837153e59136adb6a4b649962\"}"},{"dataType":"ValueEntry","value":"{\"_name\":\"releaseType\",\"_value\":\"Release\",\"_valueType\":\"string\",\"_hash\":\"bbcabdda034e97584f8c36f85b3ec517\"}"}],"_successful":true,"_projectName":"AccountHHC","_moduleName":"entry","_taskName":"default@MakePackInfo","_key":":AccountHHC:entry:default@MakePackInfo","_executionId":":AccountHHC:entry:default@MakePackInfo:1700545917897","_inputFiles":{"dataType":"Map","value":[["E:\\DevEcoStudioProjects\\AccountHHC\\AppScope\\app.json5",{"fileSnapShotHashValue":"12ae50d35531e988becd6a8cb182fa68"}],["E:\\DevEcoStudioProjects\\AccountHHC\\entry\\src\\main\\module.json5",{"fileSnapShotHashValue":"6398ac51726330417a545dc84a2bb268"}]]},"_outputFiles":{"dataType":"Map","value":[["E:\\DevEcoStudioProjects\\AccountHHC\\entry\\build\\default\\outputs\\default\\pack.info",{"fileSnapShotHashValue":"83d60fc002dce987a2f97761c7b77ac7"}]]}},":AccountHHC:entry:default@ProcessResource":{"_inputs":[{"dataType":"ValueEntry","value":"{\"_name\":\"BUILTIN_TASK_COMMAND\",\"_value\":\"\",\"_valueType\":\"string\",\"_hash\":\"0b5d05294fdf4e78e8482ef53eb64ac0\"}"},{"dataType":"ValueEntry","value":"{\"_name\":\"BUILTIN_TASK_ENV\",\"_value\":\"\",\"_valueType\":\"string\",\"_hash\":\"cdcdc2ec8062ca9ec1de46dbf2bbc053\"}"},{"dataType":"ValueEntry","value":"{\"_name\":\"BUILTIN_TASK_TOOLCHAIN\",\"_value\":\"\",\"_valueType\":\"string\",\"_hash\":\"e7f94a9422a8bc317a7d90b58efcb5f6\"}"},{"dataType":"ValueEntry","value":"{\"_name\":\"resConfigJsonContent\",\"_value\":\"{\\\"configPath\\\":\\\"E:\\\\\\\\DevEcoStudioProjects\\\\\\\\AccountHHC\\\\\\\\entry\\\\\\\\build\\\\\\\\default\\\\\\\\intermediates\\\\\\\\process_profile\\\\\\\\default\\\\\\\\module.json\\\",\\\"packageName\\\":\\\"com.example.accounthhc\\\",\\\"output\\\":\\\"E:\\\\\\\\DevEcoStudioProjects\\\\\\\\AccountHHC\\\\\\\\entry\\\\\\\\build\\\\\\\\default\\\\\\\\intermediates\\\\\\\\res\\\\\\\\default\\\",\\\"moduleNames\\\":\\\"entry\\\",\\\"ResourceTable\\\":[\\\"E:\\\\\\\\DevEcoStudioProjects\\\\\\\\AccountHHC\\\\\\\\entry\\\\\\\\build\\\\\\\\default\\\\\\\\generated\\\\\\\\r\\\\\\\\default\\\\\\\\ResourceTable.h\\\"],\\\"applicationResource\\\":\\\"E:\\\\\\\\DevEcoStudioProjects\\\\\\\\AccountHHC\\\\\\\\AppScope\\\\\\\\resources\\\",\\\"moduleResources\\\":[\\\"E:\\\\\\\\DevEcoStudioProjects\\\\\\\\AccountHHC\\\\\\\\entry\\\\\\\\src\\\\\\\\main\\\\\\\\resources\\\"],\\\"dependencies\\\":[]}\",\"_valueType\":\"string\",\"_hash\":\"daa0b2f8c9f9d6058d1afd66fbf32749\"}"}],"_successful":true,"_projectName":"AccountHHC","_moduleName":"entry","_taskName":"default@ProcessResource","_key":":AccountHHC:entry:default@ProcessResource","_executionId":":AccountHHC:entry:default@ProcessResource:1700240251984","_inputFiles":{"dataType":"Map","value":[]},"_outputFiles":{"dataType":"Map","value":[["E:\\DevEcoStudioProjects\\AccountHHC\\entry\\build\\default\\intermediates\\res\\default\\resConfig.json",{"isDirectory":false,"fileSnapShotHashValue":"701564951fd1fde3d26b09affc4fd71f"}]]}},":AccountHHC:entry:default@ProcessLibs":{"_inputs":[{"dataType":"ValueEntry","value":"{\"_name\":\"BUILTIN_TASK_COMMAND\",\"_value\":\"\",\"_valueType\":\"string\",\"_hash\":\"0b5d05294fdf4e78e8482ef53eb64ac0\"}"},{"dataType":"ValueEntry","value":"{\"_name\":\"BUILTIN_TASK_ENV\",\"_value\":\"\",\"_valueType\":\"string\",\"_hash\":\"cdcdc2ec8062ca9ec1de46dbf2bbc053\"}"},{"dataType":"ValueEntry","value":"{\"_name\":\"BUILTIN_TASK_TOOLCHAIN\",\"_value\":\"\",\"_valueType\":\"string\",\"_hash\":\"e7f94a9422a8bc317a7d90b58efcb5f6\"}"}],"_successful":true,"_projectName":"AccountHHC","_moduleName":"entry","_taskName":"default@ProcessLibs","_key":":AccountHHC:entry:default@ProcessLibs","_executionId":":AccountHHC:entry:default@ProcessLibs:1700240251992","_inputFiles":{"dataType":"Map","value":[]},"_outputFiles":{"dataType":"Map","value":[["E:\\DevEcoStudioProjects\\AccountHHC\\entry\\build\\default\\intermediates\\libs\\default",{"isDirectory":true,"fileSnapShotHashValue":""}]]}},":AccountHHC:entry:default@CompileResource":{"_inputs":[{"dataType":"ValueEntry","value":"{\"_name\":\"BUILTIN_TASK_COMMAND\",\"_value\":\"E:\\\\Huawei\\\\Sdk\\\\openharmony\\\\9\\\\toolchains\\\\restool.exe,-l,E:\\\\DevEcoStudioProjects\\\\AccountHHC\\\\entry\\\\build\\\\default\\\\intermediates\\\\res\\\\default\\\\resConfig.json\",\"_valueType\":\"string\",\"_hash\":\"92a9e8ffb9b462e42e68d0bd8b337e0e\"}"},{"dataType":"ValueEntry","value":"{\"_name\":\"BUILTIN_TASK_ENV\",\"_value\":\"\",\"_valueType\":\"string\",\"_hash\":\"cdcdc2ec8062ca9ec1de46dbf2bbc053\"}"},{"dataType":"ValueEntry","value":"{\"_name\":\"BUILTIN_TASK_TOOLCHAIN\",\"_value\":\"E:\\\\Huawei\\\\Sdk\\\\openharmony\\\\9\\\\toolchains\\\\restool.exe\",\"_valueType\":\"string\",\"_hash\":\"9e6f474261b435741dc596c09e43ffe6\"}"},{"dataType":"ValueEntry","value":"{\"_name\":\"TARGET_CONFIG\",\"_value\":\"{\\\"name\\\":\\\"default\\\",\\\"runtimeOS\\\":\\\"HarmonyOS\\\"}\",\"_valueType\":\"string\",\"_hash\":\"d1734598343a94c88ec5404fdcdfa944\"}"}],"_successful":true,"_projectName":"AccountHHC","_moduleName":"entry","_taskName":"default@CompileResource","_key":":AccountHHC:entry:default@CompileResource","_executionId":":AccountHHC:entry:default@CompileResource:1700725110377","_inputFiles":{"dataType":"Map","value":[["E:\\DevEcoStudioProjects\\AccountHHC\\entry\\src\\main\\resources",{"fileSnapShotHashValue":"6a029a9b557ce32e5d8dad66cbea1a09"}],["E:\\DevEcoStudioProjects\\AccountHHC\\AppScope\\resources",{"fileSnapShotHashValue":"c46899b8b0a28557aac5885f0ee2e2c9"}],["E:\\DevEcoStudioProjects\\AccountHHC\\entry\\build\\default\\intermediates\\process_profile\\default\\module.json",{"isDirectory":false,"fileSnapShotHashValue":"9106ab02c4a74fae716a4e9390105ec4"}],["E:\\DevEcoStudioProjects\\AccountHHC\\entry\\build\\default\\intermediates\\res\\default\\resConfig.json",{"isDirectory":false,"fileSnapShotHashValue":"701564951fd1fde3d26b09affc4fd71f"}]]},"_outputFiles":{"dataType":"Map","value":[["E:\\DevEcoStudioProjects\\AccountHHC\\entry\\build\\default\\intermediates\\res\\default",{"isDirectory":true,"fileSnapShotHashValue":"ce7e2c39d60d8a43091809d14f8f14dd"}],["E:\\DevEcoStudioProjects\\AccountHHC\\entry\\build\\default\\generated\\r\\default\\ResourceTable.h",{"isDirectory":false,"fileSnapShotHashValue":"b6a5d795b8e7cf2f928f14da629a3716"}],["E:\\DevEcoStudioProjects\\AccountHHC\\entry\\build\\default\\generated\\r\\default",{"isDirectory":true,"fileSnapShotHashValue":"986bafe87a7bd9b4accd46592e226fa3"}]]}},":AccountHHC:entry:default@CompileArkTS":{"_inputs":[{"dataType":"ValueEntry","value":"{\"_name\":\"debuggable\",\"_value\":true,\"_valueType\":\"boolean\"}"},{"dataType":"ValueEntry","value":"{\"_name\":\"isArk\",\"_value\":true,\"_valueType\":\"boolean\"}"},{"dataType":"ValueEntry","value":"{\"_name\":\"needCoverageInsert\",\"_value\":false,\"_valueType\":\"boolean\"}"},{"dataType":"ValueEntry","value":"{\"_name\":\"arkTsWdiget\",\"_value\":false,\"_valueType\":\"boolean\"}"},{"dataType":"ValueEntry","value":"{\"_name\":\"BUILTIN_TASK_COMMAND\",\"_value\":\"\",\"_valueType\":\"string\"}"},{"dataType":"ValueEntry","value":"{\"_name\":\"BUILTIN_TASK_TOOLCHAIN\",\"_value\":\"\",\"_valueType\":\"string\"}"},{"dataType":"ValueEntry","value":"{\"_name\":\"BUILTIN_TASK_ENV\",\"_value\":\"\",\"_valueType\":\"string\"}"}],"_successful":true,"_projectName":"AccountHHC","_moduleName":"entry","_taskName":"default@CompileArkTS","_key":":AccountHHC:entry:default@CompileArkTS","_executionId":":AccountHHC:entry:default@CompileArkTS:1700902379525","_inputFiles":{"dataType":"Map","value":[["E:\\DevEcoStudioProjects\\AccountHHC\\entry\\build\\default\\intermediates\\loader\\default",{"isDirectory":true,"fileSnapShotHashValue":"da34a1eb1aac5892de068d5562ba1880"}],["E:\\DevEcoStudioProjects\\AccountHHC\\entry\\build\\default\\intermediates\\res\\default\\ResourceTable.txt",{"fileSnapShotHashValue":"b29eb067fa1a391e320eb2abdc583ae8"}],["E:\\DevEcoStudioProjects\\AccountHHC\\entry\\build\\default\\intermediates\\res\\default\\module.json",{"fileSnapShotHashValue":"e4a19304ff6458603dd49bdb6ecf3b31"}],["E:\\DevEcoStudioProjects\\AccountHHC\\entry\\build\\default\\intermediates\\res\\default\\resources\\base\\profile",{"isDirectory":true,"fileSnapShotHashValue":"776a1f1cec2a693ff527a9fdf7d56b89"}],["E:\\DevEcoStudioProjects\\AccountHHC\\entry\\src\\main\\ets",{"isDirectory":true,"fileSnapShotHashValue":"23d13397088ae8a00dea11b4b8b02492"}]]},"_outputFiles":{"dataType":"Map","value":[["E:\\DevEcoStudioProjects\\AccountHHC\\entry\\build\\default\\intermediates\\loader_out\\default\\ets",{"isDirectory":true,"fileSnapShotHashValue":"f5b806281bcfde144ca8f8b1df9955ca"}]]}},":AccountHHC:entry:default@CompileJS":{"_inputs":[{"dataType":"ValueEntry","value":"{\"_name\":\"debuggable\",\"_value\":true,\"_valueType\":\"boolean\"}"},{"dataType":"ValueEntry","value":"{\"_name\":\"isArk\",\"_value\":true,\"_valueType\":\"boolean\"}"},{"dataType":"ValueEntry","value":"{\"_name\":\"needCoverageInsert\",\"_value\":false,\"_valueType\":\"boolean\"}"},{"dataType":"ValueEntry","value":"{\"_name\":\"BUILTIN_TASK_COMMAND\",\"_value\":\"\",\"_valueType\":\"string\"}"},{"dataType":"ValueEntry","value":"{\"_name\":\"BUILTIN_TASK_TOOLCHAIN\",\"_value\":\"\",\"_valueType\":\"string\"}"},{"dataType":"ValueEntry","value":"{\"_name\":\"BUILTIN_TASK_ENV\",\"_value\":\"\",\"_valueType\":\"string\"}"}],"_successful":true,"_projectName":"AccountHHC","_moduleName":"entry","_taskName":"default@CompileJS","_key":":AccountHHC:entry:default@CompileJS","_executionId":":AccountHHC:entry:default@CompileJS:1700902379554","_inputFiles":{"dataType":"Map","value":[["E:\\DevEcoStudioProjects\\AccountHHC\\entry\\build\\default\\intermediates\\loader\\default",{"isDirectory":true,"fileSnapShotHashValue":"da34a1eb1aac5892de068d5562ba1880"}],["E:\\DevEcoStudioProjects\\AccountHHC\\entry\\build\\default\\intermediates\\res\\default\\ResourceTable.txt",{"fileSnapShotHashValue":"b29eb067fa1a391e320eb2abdc583ae8"}],["E:\\DevEcoStudioProjects\\AccountHHC\\entry\\build\\default\\intermediates\\res\\default\\module.json",{"fileSnapShotHashValue":"e4a19304ff6458603dd49bdb6ecf3b31"}],["E:\\DevEcoStudioProjects\\AccountHHC\\entry\\build\\default\\intermediates\\res\\default\\resources\\base\\profile",{"isDirectory":true,"fileSnapShotHashValue":"776a1f1cec2a693ff527a9fdf7d56b89"}]]},"_outputFiles":{"dataType":"Map","value":[["E:\\DevEcoStudioProjects\\AccountHHC\\entry\\build\\default\\intermediates\\loader_out\\default\\js",{"isDirectory":true,"fileSnapShotHashValue":""}]]}},":AccountHHC:entry:default@PackageHap":{"_inputs":[{"dataType":"ValueEntry","value":"{\"_name\":\"hotReload\",\"_value\":false,\"_valueType\":\"boolean\"}"},{"dataType":"ValueEntry","value":"{\"_name\":\"BUILTIN_TASK_COMMAND\",\"_value\":\"java,-Dfile.encoding=utf-8,-jar,E:\\\\Huawei\\\\Sdk\\\\openharmony\\\\9\\\\toolchains\\\\lib\\\\app_packing_tool.jar,--mode,hap,--force,true,--lib-path,E:\\\\DevEcoStudioProjects\\\\AccountHHC\\\\entry\\\\build\\\\default\\\\intermediates\\\\libs\\\\default,--json-path,E:\\\\DevEcoStudioProjects\\\\AccountHHC\\\\entry\\\\build\\\\default\\\\intermediates\\\\res\\\\default\\\\module.json,--resources-path,E:\\\\DevEcoStudioProjects\\\\AccountHHC\\\\entry\\\\build\\\\default\\\\intermediates\\\\res\\\\default\\\\resources,--index-path,E:\\\\DevEcoStudioProjects\\\\AccountHHC\\\\entry\\\\build\\\\default\\\\intermediates\\\\res\\\\default\\\\resources.index,--pack-info-path,E:\\\\DevEcoStudioProjects\\\\AccountHHC\\\\entry\\\\build\\\\default\\\\outputs\\\\default\\\\pack.info,--out-path,E:\\\\DevEcoStudioProjects\\\\AccountHHC\\\\entry\\\\build\\\\default\\\\outputs\\\\default\\\\entry-default-unsigned.hap,--ets-path,E:\\\\DevEcoStudioProjects\\\\AccountHHC\\\\entry\\\\build\\\\default\\\\intermediates\\\\loader_out\\\\default\\\\ets\",\"_valueType\":\"string\"}"},{"dataType":"ValueEntry","value":"{\"_name\":\"BUILTIN_TASK_TOOLCHAIN\",\"_value\":\"E:\\\\Huawei\\\\Sdk\\\\openharmony\\\\9\\\\toolchains\\\\lib\\\\app_packing_tool.jar\",\"_valueType\":\"string\"}"},{"dataType":"ValueEntry","value":"{\"_name\":\"BUILTIN_TASK_ENV\",\"_value\":\"\",\"_valueType\":\"string\"}"}],"_successful":true,"_projectName":"AccountHHC","_moduleName":"entry","_taskName":"default@PackageHap","_key":":AccountHHC:entry:default@PackageHap","_executionId":":AccountHHC:entry:default@PackageHap:1700902385348","_inputFiles":{"dataType":"Map","value":[["E:\\DevEcoStudioProjects\\AccountHHC\\entry\\build\\default\\intermediates\\libs\\default",{"isDirectory":false,"fileSnapShotHashValue":""}],["E:\\DevEcoStudioProjects\\AccountHHC\\entry\\build\\default\\intermediates\\res\\default\\module.json",{"isDirectory":false,"fileSnapShotHashValue":"e4a19304ff6458603dd49bdb6ecf3b31"}],["E:\\DevEcoStudioProjects\\AccountHHC\\entry\\build\\default\\intermediates\\res\\default\\resources",{"isDirectory":false,"fileSnapShotHashValue":"6693ef54691bd25e200deceb14bcc04e"}],["E:\\DevEcoStudioProjects\\AccountHHC\\entry\\build\\default\\intermediates\\res\\default\\resources.index",{"isDirectory":false,"fileSnapShotHashValue":"38a111373b480032fe26d77a06673d91"}],["E:\\DevEcoStudioProjects\\AccountHHC\\entry\\build\\default\\outputs\\default\\pack.info",{"isDirectory":false,"fileSnapShotHashValue":"83d60fc002dce987a2f97761c7b77ac7"}],["E:\\DevEcoStudioProjects\\AccountHHC\\entry\\build\\default\\intermediates\\loader_out\\default\\ets",{"isDirectory":false,"fileSnapShotHashValue":"f5b806281bcfde144ca8f8b1df9955ca"}]]},"_outputFiles":{"dataType":"Map","value":[["E:\\DevEcoStudioProjects\\AccountHHC\\entry\\build\\default\\outputs\\default\\entry-default-unsigned.hap",{"isDirectory":false,"fileSnapShotHashValue":"508192153c8a0638081ecdb008d2f4fc"}]]}},":AccountHHC:entry:default@SignHap":{"_inputs":[{"dataType":"ValueEntry","value":"{\"_name\":\"sdkToolchainsComponentVersion\",\"_value\":\"3.2.12.5\",\"_valueType\":\"string\"}"},{"dataType":"ValueEntry","value":"{\"_name\":\"existSigningConfig\",\"_value\":false,\"_valueType\":\"boolean\"}"},{"dataType":"ValueEntry","value":"{\"_name\":\"BUILTIN_TASK_COMMAND\",\"_value\":\"\",\"_valueType\":\"string\"}"},{"dataType":"ValueEntry","value":"{\"_name\":\"BUILTIN_TASK_TOOLCHAIN\",\"_value\":\"\",\"_valueType\":\"string\"}"},{"dataType":"ValueEntry","value":"{\"_name\":\"BUILTIN_TASK_ENV\",\"_value\":\"\",\"_valueType\":\"string\"}"}],"_successful":true,"_projectName":"AccountHHC","_moduleName":"entry","_taskName":"default@SignHap","_key":":AccountHHC:entry:default@SignHap","_executionId":":AccountHHC:entry:default@SignHap:1700902387021","_inputFiles":{"dataType":"Map","value":[["E:\\DevEcoStudioProjects\\AccountHHC\\entry\\build\\default\\outputs\\default\\entry-default-unsigned.hap",{"isDirectory":false,"fileSnapShotHashValue":"508192153c8a0638081ecdb008d2f4fc"}]]},"_outputFiles":{"dataType":"Map","value":[["E:\\DevEcoStudioProjects\\AccountHHC\\entry\\build\\default\\outputs\\default\\entry-default-signed.hap",{"isDirectory":false,"fileSnapShotHashValue":""}]]}}}