{
  "color": [
    {
      "name": "start_window_background",
      "value": "#FFFFFF"
    },
    {
      "name": "gray",
      "value": "#FFD0D0D0"
    },
    {
      "name": "black",
      "value": "#FF000000"
    },{
      "name": "text_gray_dark",
      "value": "#FF4C4C4C"
    },
    {
      "name": "text_gray",
      "value": "#FFA9A9A9"
    },
    {
      "name": "touming",
      "value": "#00FFFFFF"
    },
    {
      "name": "yellow",
      "value": "#CC56FDEA"
    },
    {
      "name": "light_gray",
      "value": "#B392989D"
    },
    {
      "name": "kapian_yellow",
      "value": "#DFFFB822"
    },{
      "name": "light_gray2",
      "value": "#B3CFCFCF"
    }
  ]
}